Symbol,EarliestVendorDate
A,1999-11-01
AA,1985-01-01
AACB,2025-04-01
AAL,2005-09-01
AAM,2024-09-01
AAME,1985-01-01
AAMI,2014-10-01
AAOI,2013-09-01
AAON,1992-12-01
AAP,2001-11-01
AAPG,2025-01-01
AAPL,1985-01-01
AARD,2025-02-01
AAT,2011-01-01
AAUC,2024-08-01
ABAT,2016-02-01
ABBV,2013-01-01
ABCB,1994-05-01
ABCL,2020-12-01
ABEO,1980-09-01
ABG,2002-03-01
ABL,2020-09-01
ABLV,2022-09-01
ABM,1985-01-01
ABNB,2020-12-01
ABOS,2021-07-01
ABP,2022-03-01
ABR,2004-04-01
ABSI,2021-07-01
ABT,1985-01-01
ABTC,2018-02-01
ABTS,2014-04-01
ABUS,2007-07-01
ABVC,2004-11-01
ABVE,2024-07-01
ACA,2018-11-01
ACAD,2004-05-01
ACB,2014-07-01
ACCL,2025-10-01
ACCO,2005-08-01
ACCS,2008-01-01
ACDC,2022-05-01
ACEL,2017-08-01
ACET,2018-01-01
ACFN,1992-02-01
ACGL,1995-09-01
ACHC,1994-03-01
ACHR,2020-12-01
ACHV,1995-10-01
ACI,2020-06-01
ACIC,2007-11-01
ACIU,2016-09-01
ACIW,1995-02-01
ACLS,2000-07-01
ACLX,2022-02-01
ACM,2007-05-01
ACMR,2017-11-01
ACN,2001-07-01
ACNB,1994-04-01
ACNT,1985-01-01
ACOG,2024-11-01
ACON,2022-04-01
ACP,2011-01-01
ACR,2006-02-01
ACRE,2012-04-01
ACRS,2015-10-01
ACRV,2022-11-01
ACT,2021-09-01
ACTG,2002-12-01
ACTU,2024-08-01
ACV,2015-05-01
ACVA,2021-03-01
ACXP,2021-06-01
AD,1988-05-01
ADAM,2004-07-01
ADBE,1986-08-01
ADC,1994-04-01
ADCT,2020-05-01
ADEA,2003-11-01
ADGM,2024-08-01
ADI,1985-01-01
ADIL,2018-07-01
ADM,1985-01-01
ADMA,2013-10-01
ADNT,2016-10-01
ADP,1985-01-01
ADPT,2019-06-01
ADSE,2021-03-01
ADSK,1985-06-01
ADT,2018-01-01
ADTN,1994-08-01
ADTX,2020-06-01
ADUR,2024-08-01
ADUS,2009-10-01
ADV,2020-01-01
ADVB,2025-03-01
ADVM,2014-07-01
ADX,1985-01-01
AEBI,2025-07-01
AEC,2012-03-01
AEE,1998-01-01
AEF,1989-09-01
AEG,1985-06-01
AEHL,2007-12-01
AEHR,1997-08-01
AEI,2020-11-01
AEIS,1995-11-01
AEM,1985-01-01
AEMD,1999-03-01
AENT,2021-03-01
AEO,1994-04-01
AEON,2023-01-01
AEP,1985-01-01
AER,2006-11-01
AERT,2021-12-01
AES,1991-06-01
AESI,2023-03-01
AEVA,2020-02-01
AEXA,2025-09-01
AEYE,2013-04-01
AFB,2002-01-01
AFBI,2017-04-01
AFCG,2021-03-01
AFG,1985-01-01
AFJK,2024-01-01
AFL,1985-01-01
AFRI,2021-02-01
AFRM,2021-01-01
AFYA,2019-07-01
AG,2006-11-01
AGAE,2017-10-01
AGCC,2025-10-01
AGCO,1992-04-01
AGD,2006-07-01
AGEN,2000-02-01
AGH,2025-02-01
AGI,2003-05-01
AGIO,2013-07-01
AGL,2021-04-01
AGM,1994-02-01
AGMH,2018-04-01
AGNC,2008-05-01
AGO,2004-04-01
AGRI,2021-07-01
AGRO,2011-01-01
AGRZ,2025-10-01
AGX,1995-08-01
AGYS,1985-01-01
AHCO,2018-05-01
AHG,2017-11-01
AHH,2013-05-01
AHL,2025-05-01
AHL^D,2016-09-01
AHMA,2025-10-01
AHR,2024-02-01
AHT,2003-08-01
AI,2020-12-01
AIFF,1994-04-01
AIFU,2007-11-01
AIG,1985-01-01
AIHS,2018-03-01
AII,2025-05-01
AIIO,2020-03-01
AIMD,2021-01-01
AIN,1987-09-01
AIOT,1999-06-01
AIP,2021-10-01
AIR,1985-01-01
AIRE,2023-10-01
AIRG,2016-08-01
AIRI,2000-10-01
AIRJ,2022-02-01
AIRO,2025-06-01
AIRS,2021-10-01
AIRT,1985-01-01
AISP,2021-05-01
AIT,1985-01-01
AIV,1994-07-01
AIZ,2004-02-01
AJG,1985-01-01
AKA,2021-09-01
AKAM,1999-10-01
AKAN,2022-03-01
AKBA,2014-03-01
AKO/A,1994-07-01
AKO/B,1997-04-01
AKR,1993-05-01
AKRO,2019-06-01
AKTX,2014-01-01
AL,2011-04-01
ALAB,2024-03-01
ALB,1994-02-01
ALBT,2018-03-01
ALC,2019-04-01
ALCO,1985-01-01
ALCY,2023-07-01
ALDF,2024-12-01
ALDX,2014-05-01
ALE,1985-01-01
ALEC,2019-02-01
ALEX,2012-06-01
ALF,2024-08-01
ALG,1993-03-01
ALGM,2020-10-01
ALGN,2001-01-01
ALGS,2020-10-01
ALGT,2006-12-01
ALH,2025-10-01
ALHC,2021-03-01
ALIT,2020-07-01
ALK,1985-01-01
ALKS,1991-07-01
ALKT,2021-04-01
ALL,1993-06-01
ALLE,2013-11-01
ALLO,2018-10-01
ALLR,2021-12-01
ALLT,2006-11-01
ALLY,2014-01-01
ALM,2013-06-01
ALMS,2024-06-01
ALMU,2023-02-01
ALNT,1985-01-01
ALNY,2004-06-01
ALOT,1985-01-01
ALRM,2015-06-01
ALRS,2003-03-01
ALSN,2012-03-01
ALT,2017-05-01
ALTG,2019-04-01
ALTI,2021-04-01
ALTO,2005-03-01
ALTS,1991-11-01
ALUR,2021-03-01
ALV,1997-04-01
ALVO,2022-06-01
ALX,1985-01-01
ALXO,2020-07-01
ALZN,2021-06-01
AM,2017-05-01
AMAL,2018-08-01
AMAT,1985-01-01
AMBA,2012-10-01
AMBC,2013-05-01
AMBO,2018-06-01
AMBP,2021-08-01
AMBQ,2025-07-01
AMC,2013-12-01
AMCR,2012-05-01
AMCX,2011-06-01
AMD,1985-01-01
AME,1985-01-01
AMG,1997-11-01
AMGN,1985-01-01
AMH,2013-08-01
AMIX,2024-01-01
AMKR,1998-05-01
AMLX,2022-01-01
AMN,2001-11-01
AMOD,2021-10-01
AMP,2005-09-01
AMPG,2021-01-01
AMPH,2014-06-01
AMPL,2021-09-01
AMPX,2022-09-01
AMPY,2012-04-01
AMR,2021-02-01
AMRC,2010-07-01
AMRK,2014-03-01
AMRN,1993-04-01
AMRX,2018-05-01
AMRZ,2025-06-01
AMS,1985-01-01
AMSC,1991-12-01
AMSF,2005-11-01
AMST,2020-09-01
AMT,1998-02-01
AMTB,2018-10-01
AMTM,2024-09-01
AMTX,2006-06-01
AMWD,1986-07-01
AMWL,2020-09-01
AMZE,2021-12-01
AMZN,1997-05-01
AN,1990-05-01
ANAB,2017-01-01
ANDE,1996-02-01
ANEB,2021-05-01
ANET,2014-06-01
ANF,1996-09-01
ANGH,2020-08-01
ANGI,2011-11-01
ANGO,2004-06-01
ANGX,2025-09-01
ANIK,1993-05-01
ANIP,2000-05-01
ANIX,1985-01-01
ANNA,2022-02-01
ANNX,2020-07-01
ANPA,2025-07-01
ANRO,2024-02-01
ANSC,2024-01-01
ANTA,2025-05-01
ANTX,2022-03-01
ANVS,2020-01-01
ANY,2013-08-01
AOD,2007-04-01
AOMR,2021-06-01
AON,1985-01-01
AORT,1993-02-01
AOS,1985-01-01
AOSL,2010-04-01
AOUT,2020-08-01
AP,1985-01-01
APA,1985-01-01
APAD,2025-08-01
APAM,2013-03-01
APD,1985-01-01
APEI,2007-11-01
APG,2020-04-01
APGE,2023-07-01
APH,1991-11-01
APLD,2022-04-01
APLE,2015-05-01
APLM,2021-11-01
APLS,2017-11-01
APLT,2019-05-01
APM,2018-12-01
APO,2011-03-01
APOG,1985-01-01
APP,2021-04-01
APPF,2015-06-01
APPN,2017-05-01
APPS,2006-07-01
APRE,2019-10-01
APT,1999-02-01
APTV,2011-11-01
APUS,2025-05-01
APVO,2016-07-01
APWC,2003-07-01
APYX,2019-01-01
AQB,2017-01-01
AQMS,2015-07-01
AQN,2009-12-01
AQST,2018-07-01
AR,2013-10-01
ARAI,2025-05-01
ARAY,2007-02-01
ARBB,2023-04-01
ARBE,2020-10-01
ARCB,1992-05-01
ARCC,2004-10-01
ARCO,2011-04-01
ARCT,2013-05-01
ARDC,2012-11-01
ARDT,2024-07-01
ARDX,2014-06-01
ARE,1997-05-01
AREB,2022-02-01
AREC,2017-06-01
AREN,2008-01-01
ARES,2014-05-01
ARHS,2021-11-01
ARI,2009-09-01
ARKO,2019-07-01
ARKR,1985-12-01
ARL,1985-01-01
ARLO,2018-08-01
ARMK,2013-12-01
ARMN,2010-10-01
ARMP,1994-05-01
AROC,2007-08-01
AROW,1980-09-01
ARQ,2004-01-01
ARQQ,2021-04-01
ARQT,2020-01-01
ARR,2007-12-01
ARRY,2020-10-01
ARTL,2019-06-01
ARTNA,1994-04-01
ARTV,2024-07-01
ARTW,1985-01-01
ARVN,2018-09-01
ARW,1985-01-01
ARWR,1993-12-01
ARX,2025-07-01
AS,2024-02-01
ASA,1985-01-01
ASAN,2020-09-01
ASB,1985-01-01
ASBP,2022-04-01
ASC,2013-08-01
ASG,1986-03-01
ASGI,2020-07-01
ASGN,1992-09-01
ASH,1985-01-01
ASIC,2025-06-01
ASIX,2016-09-01
ASLE,2019-02-01
ASM,2005-11-01
ASMB,2010-12-01
ASML,1995-03-01
ASNS,2022-05-01
ASO,2020-10-01
ASPC,2025-01-01
ASPI,2022-11-01
ASPN,2014-06-01
ASPS,2009-08-01
ASR,2000-09-01
ASRT,1997-12-01
ASRV,1985-01-01
ASST,2023-02-01
ASTC,1995-12-01
ASTE,1986-06-01
ASTH,2009-03-01
ASTI,2022-08-01
ASTL,2021-03-01
ASTS,2019-11-01
ASUR,1992-04-01
ASYS,1985-01-01
ATAI,2021-06-01
ATCH,2021-03-01
ATEC,2006-06-01
ATEN,2014-03-01
ATER,2019-06-01
ATEX,2015-02-01
ATGE,1991-06-01
ATGL,2023-10-01
ATHA,2020-09-01
ATHR,2025-04-01
ATI,1999-11-01
ATII,2025-04-01
ATKR,2016-06-01
ATLC,1999-04-01
ATLN,2021-08-01
ATLO,2000-02-01
ATLX,2013-02-01
ATMC,2023-01-01
ATMU,2023-05-01
ATMV,2023-01-01
ATNI,1991-11-01
ATNM,2012-12-01
ATO,1985-01-01
ATOM,2016-08-01
ATON,2002-01-01
ATOS,2012-11-01
ATPC,2023-09-01
ATR,1993-04-01
ATRA,2014-10-01
ATRC,2005-08-01
ATRO,1985-01-01
ATS,2009-12-01
ATUS,2017-06-01
ATXG,2018-03-01
ATXS,2015-06-01
ATYR,2015-05-01
AU,1998-08-01
AUB,1993-10-01
AUBN,1995-08-01
AUDC,1999-05-01
AUGO,2025-07-01
AUID,2021-06-01
AUNA,2024-03-01
AUPH,2014-09-01
AUR,2021-05-01
AURA,2021-10-01
AURE,2023-07-01
AUST,2022-05-01
AUUD,2021-02-01
AVA,1985-01-01
AVAH,2021-04-01
AVAV,2007-01-01
AVBC,2025-08-01
AVBH,2004-07-01
AVBP,2024-01-01
AVD,1987-03-01
AVDL,1996-06-01
AVGO,2009-08-01
AVIR,2020-10-01
AVK,2003-04-01
AVNS,2014-10-01
AVNT,1999-09-01
AVNW,1987-05-01
AVO,2020-10-01
AVPT,2019-11-01
AVR,2024-12-01
AVT,1985-01-01
AVTR,2019-05-01
AVTX,2015-10-01
AVXL,2006-08-01
AVY,1985-01-01
AWF,1993-07-01
AWI,2006-10-01
AWK,2008-04-01
AWP,2007-04-01
AWR,1985-01-01
AWRE,1996-08-01
AWX,1998-06-01
AX,2005-03-01
AXG,2023-09-01
AXGN,1986-12-01
AXIL,2024-02-01
AXIN,2025-08-01
AXL,1999-01-01
AXON,2001-06-01
AXP,1985-01-01
AXR,1985-01-01
AXS,2003-07-01
AXSM,2015-11-01
AXTA,2014-11-01
AXTI,1998-05-01
AYI,2001-12-01
AYTU,2008-09-01
AZ,2021-01-01
AZI,2024-08-01
AZO,1991-04-01
AZTA,1995-02-01
AZTR,2023-06-01
AZZ,1985-01-01
B,1985-02-01
BA,1985-01-01
BAC,1985-01-01
BACC,2025-08-01
BACQ,2024-12-01
BAER,2021-03-01
BAFN,2021-01-01
BAH,2010-11-01
BAK,1999-01-01
BALL,1985-01-01
BALY,2024-12-01
BAM,2022-12-01
BANC,2002-08-01
BAND,2017-11-01
BANF,1990-03-01
BANL,2023-03-01
BANR,1995-11-01
BANX,2013-11-01
BAOS,2021-02-01
BAP,1995-10-01
BARK,2020-12-01
BATL,2019-12-01
BATRA,2016-04-01
BATRK,2016-04-01
BAX,1985-01-01
BAYA,2023-12-01
BB,1999-02-01
BBAI,2021-04-01
BBAR,1993-11-01
BBBY,2002-05-01
BBCP,2017-08-01
BBDC,2007-02-01
BBGI,2000-02-01
BBIO,2019-06-01
BBLG,2021-10-01
BBNX,2025-01-01
BBOT,2024-02-01
BBSI,1993-06-01
BBT,2000-06-01
BBUC,2022-03-01
BBVA,1988-12-01
BBW,2004-10-01
BBWI,1985-01-01
BBY,1985-04-01
BC,1985-01-01
BCAB,2020-12-01
BCAL,2005-11-01
BCAR,2025-08-01
BCAT,2020-09-01
BCAX,2024-09-01
BCBP,2003-10-01
BCC,2013-02-01
BCDA,1996-11-01
BCE,1985-01-01
BCG,2024-03-01
BCH,2002-08-01
BCIC,2006-12-01
BCML,2005-11-01
BCO,1996-01-01
BCPC,1986-06-01
BCRX,1994-03-01
BCS,1986-09-01
BCSF,2018-11-01
BCTX,2012-03-01
BCV,1985-01-01
BCX,2011-03-01
BDC,1993-11-01
BDCI,2025-10-01
BDJ,2005-08-01
BDL,1985-01-01
BDMD,2021-12-01
BDN,1986-07-01
BDSX,2020-10-01
BDTX,2020-01-01
BDX,1973-02-01
BE,2018-07-01
BEAG,2024-12-01
BEAM,2020-02-01
BEAT,2021-11-01
BEEM,2010-05-01
BEEP,2023-08-01
BELFA,1985-01-01
BELFB,1998-07-01
BEN,1985-01-01
BENF,2021-12-01
BEPC,2020-07-01
BETR,2021-04-01
BF/A,1985-01-01
BF/B,1985-01-01
BFC,2003-10-01
BFH,2001-06-01
BFIN,2005-06-01
BFK,2001-07-01
BFLY,2020-07-01
BFRG,2023-02-01
BFRI,2021-10-01
BFS,1993-08-01
BFST,2018-04-01
BFZ,2001-07-01
BG,2001-08-01
BGB,2012-09-01
BGC,1999-12-01
BGH,2012-10-01
BGI,2005-11-01
BGIN,2025-10-01
BGL,2025-06-01
BGLC,2021-01-01
BGM,2021-01-01
BGMS,2004-03-01
BGR,2004-12-01
BGS,2007-05-01
BGSF,2014-04-01
BGT,2004-08-01
BGX,2011-01-01
BGY,2007-05-01
BH,1985-01-01
BHAT,2019-07-01
BHB,1997-09-01
BHC,1994-03-01
BHE,1990-06-01
BHM,2022-09-01
BHR,2013-11-01
BHRB,2003-10-01
BHST,2021-01-01
BHVN,2022-09-01
BIAF,2022-09-01
BIDU,2005-08-01
BIIB,1991-09-01
BILL,2019-12-01
BIO,1985-01-01
BIO/B,1999-09-01
BIOA,2024-09-01
BIOX,2018-03-01
BIPC,2020-03-01
BIRD,2021-11-01
BIRK,2023-10-01
BIT,2013-02-01
BITF,2019-08-01
BIVI,2020-09-01
BIYA,2025-03-01
BJ,2018-06-01
BJDX,2021-11-01
BJRI,1996-10-01
BK,1985-01-01
BKD,2005-11-01
BKE,1992-05-01
BKH,1985-01-01
BKHA,2024-05-01
BKKT,2020-11-01
BKN,1993-02-01
BKNG,1999-03-01
BKR,1987-04-01
BKSY,2019-12-01
BKT,1988-07-01
BKTI,1980-03-01
BKV,2024-09-01
BKYI,1997-02-01
BL,2016-10-01
BLBD,2014-03-01
BLBX,2016-08-01
BLCO,2022-05-01
BLD,2015-06-01
BLDP,1995-11-01
BLDR,2005-06-01
BLE,2002-07-01
BLFS,1989-11-01
BLFY,2021-07-01
BLIN,2007-06-01
BLIV,2025-04-01
BLK,1999-10-01
BLKB,2004-07-01
BLMN,2012-08-01
BLMZ,2024-07-01
BLND,2021-07-01
BLNE,2017-01-01
BLNK,2009-12-01
BLSH,2025-08-01
BLUW,2025-07-01
BLW,2003-07-01
BLX,1992-09-01
BLZE,2021-11-01
BMA,2006-03-01
BMBL,2021-02-01
BME,2005-03-01
BMEA,2021-04-01
BMEZ,2020-01-01
BMGL,2025-02-01
BMHL,2025-07-01
BMI,1985-01-01
BMN,2022-10-01
BMNR,2025-06-01
BMO,1994-10-01
BMR,2023-02-01
BMRA,1984-09-01
BMRC,1999-12-01
BMRN,1999-07-01
BMY,1985-01-01
BN,1983-12-01
BNAI,2021-04-01
BNBX,2003-07-01
BNC,2014-03-01
BNED,2015-07-01
BNGO,2018-08-01
BNKK,2020-10-01
BNL,2020-09-01
BNRG,2022-05-01
BNT,2021-06-01
BNTC,2014-06-01
BNY,2001-07-01
BNZI,2021-02-01
BOC,2017-06-01
BODI,2021-01-01
BOE,2005-05-01
BOF,2023-06-01
BOH,1985-01-01
BOKF,1991-09-01
BOLD,2024-03-01
BOLT,2021-02-01
BON,2021-06-01
BOOM,1989-01-01
BOOT,2014-10-01
BORR,2019-07-01
BOSC,1996-04-01
BOTJ,2000-08-01
BOW,2024-05-01
BOX,2015-01-01
BOXL,2017-11-01
BP,1985-01-01
BPOP,1985-01-01
BPRN,2017-05-01
BQ,2020-09-01
BR,2007-03-01
BRAG,2018-03-01
BRBI,2025-09-01
BRBR,2019-10-01
BRBS,2012-09-01
BRC,1986-10-01
BRCB,2025-09-01
BRCC,2022-02-01
BRFH,2012-05-01
BRIA,2024-11-01
BRID,1985-01-01
BRK/A,1985-01-01
BRK/B,1996-05-01
BRKR,2000-08-01
BRLS,2021-10-01
BRLT,2021-09-01
BRN,1985-01-01
BRO,1985-01-01
BROS,2021-09-01
BRR,2025-06-01
BRT,1985-01-01
BRTX,2012-12-01
BRX,2013-10-01
BRY,2018-07-01
BRZE,2021-11-01
BSAA,2025-08-01
BSAC,1994-10-01
BSBK,2020-01-01
BSET,1985-01-01
BSL,2010-05-01
BSLK,2021-05-01
BSRR,1994-04-01
BST,2014-10-01
BSTZ,2019-06-01
BSVN,2018-09-01
BSX,1992-05-01
BSY,2020-09-01
BTA,2006-02-01
BTAI,2018-03-01
BTBD,2021-11-01
BTBT,2018-03-01
BTCS,2010-11-01
BTCT,2018-10-01
BTDR,2021-07-01
BTE,2006-04-01
BTG,2008-06-01
BTI,1985-01-01
BTM,2022-04-01
BTMD,2021-04-01
BTOC,2024-05-01
BTOG,2019-08-01
BTQ,2025-09-01
BTT,2012-08-01
BTTC,2025-10-01
BTU,2017-04-01
BTX,2021-03-01
BTZ,2006-12-01
BUD,2009-07-01
BULL,2022-08-01
BUR,2020-10-01
BURL,2013-10-01
BURU,2020-10-01
BUSE,1998-10-01
BUUU,2025-08-01
BVFL,2005-02-01
BVN,1996-05-01
BVS,2021-02-01
BW,2015-06-01
BWA,1993-08-01
BWB,2018-03-01
BWEN,2005-11-01
BWFG,2010-04-01
BWIN,2019-10-01
BWLP,2014-01-01
BWMN,2021-05-01
BWMX,2019-01-01
BWXT,2010-08-01
BX,2007-06-01
BXC,2004-12-01
BXMT,1985-01-01
BXMX,2004-10-01
BXP,1997-06-01
BXSL,2021-10-01
BY,2017-06-01
BYAH,2024-12-01
BYD,1993-10-01
BYFC,1996-01-01
BYM,2002-10-01
BYND,2019-05-01
BYRN,2006-09-01
BYSI,2017-03-01
BZ,2021-06-01
BZAI,2022-01-01
BZFD,2021-03-01
BZH,1994-02-01
C,1985-01-01
CAAP,2018-02-01
CAAS,2003-03-01
CABA,2019-10-01
CABO,2015-06-01
CAC,1997-10-01
CACC,1992-06-01
CACI,1985-01-01
CADE,1985-10-01
CADE^A,2019-11-01
CADL,2021-07-01
CAE,2002-07-01
CAEP,2025-06-01
CAF,2006-09-01
CAG,1985-01-01
CAH,1985-01-01
CAI,2025-06-01
CAKE,1992-09-01
CAL,1985-01-01
CALC,2023-06-01
CALM,1996-12-01
CALX,2010-03-01
CAMP,2024-10-01
CAMT,2000-07-01
CANF,2012-11-01
CAPN,2024-10-01
CAPR,2007-02-01
CAPS,1993-01-01
CAPT,2022-04-01
CAR,1985-01-01
CARE,2007-03-01
CARG,2017-10-01
CARL,2025-07-01
CARR,2020-03-01
CARS,2017-06-01
CART,2023-09-01
CARV,1994-10-01
CASH,1993-09-01
CASI,1996-06-01
CASS,1996-07-01
CASY,1985-01-01
CAT,1985-01-01
CATO,1987-04-01
CATX,2005-11-01
CATY,1990-12-01
CAVA,2023-06-01
CB,1993-03-01
CBAN,1998-04-01
CBAT,2005-02-01
CBFV,2003-10-01
CBIO,2014-01-01
CBK,2025-10-01
CBL,2021-11-01
CBLL,2024-10-01
CBNA,2024-10-01
CBNK,2018-09-01
CBRE,2004-06-01
CBRL,1985-01-01
CBSH,1980-03-01
CBT,1985-01-01
CBUS,2017-07-01
CBZ,1995-04-01
CC,2015-06-01
CCAP,2020-02-01
CCB,2018-07-01
CCBG,1994-06-01
CCCC,2020-10-01
CCCX,2025-07-01
CCD,2015-03-01
CCEC,2007-03-01
CCEL,1994-04-01
CCEP,1986-11-01
CCG,2023-09-01
CCHH,2025-10-01
CCI,1998-08-01
CCIF,2019-06-01
CCII,2025-08-01
CCIX,2024-06-01
CCJ,1996-03-01
CCK,1985-01-01
CCL,1987-07-01
CCLD,2014-07-01
CCNE,1994-04-01
CCO,2005-11-01
CCOI,2002-02-01
CCRN,2001-10-01
CCSI,2021-09-01
CCTG,2024-01-01
CCU,1992-09-01
CCZ,2020-01-01
CDE,1985-01-01
CDIO,2022-01-01
CDLX,2018-02-01
CDNA,2014-07-01
CDNS,1987-06-01
CDP,1991-12-01
CDRE,2021-11-01
CDRO,2021-01-01
CDT,2022-03-01
CDTG,2024-04-01
CDTX,2015-04-01
CDW,2013-06-01
CDXS,2010-04-01
CDZI,1989-01-01
CE,2005-01-01
CECO,1985-01-01
CEE,1990-02-01
CEG,2022-01-01
CELC,2017-09-01
CELH,2007-01-01
CELU,2019-08-01
CELZ,2015-11-01
CENN,2012-09-01
CENT,1992-07-01
CENTA,2007-02-01
CENX,1996-03-01
CEP,2024-08-01
CEPF,2025-08-01
CEPO,2025-01-01
CEPT,2025-05-01
CERS,1997-01-01
CERT,2020-12-01
CET,1985-01-01
CETX,2015-06-01
CETY,2023-01-01
CEV,1999-01-01
CEVA,2002-11-01
CF,2005-08-01
CFBK,1998-12-01
CFFI,1998-05-01
CFFN,1999-04-01
CFG,2014-09-01
CFLT,2021-06-01
CFND,2025-08-01
CFR,1985-01-01
CFSB,2022-01-01
CG,2012-05-01
CGAU,2008-06-01
CGBD,2017-06-01
CGC,2014-04-01
CGCT,2025-06-01
CGEM,2021-01-01
CGEN,2000-08-01
CGNT,2021-02-01
CGNX,1989-07-01
CGO,2005-10-01
CGON,2024-01-01
CGTL,2024-11-01
CGTX,2021-10-01
CHAC,2025-05-01
CHAR,2024-11-01
CHCI,2004-12-01
CHCO,1987-06-01
CHD,1985-01-01
CHDN,1993-03-01
CHE,1985-01-01
CHEF,2011-07-01
CHEK,2015-03-01
CHGG,2013-11-01
CHH,1996-10-01
CHKP,1996-06-01
CHMG,1999-01-01
CHMI,2013-10-01
CHNR,1995-08-01
CHOW,2025-09-01
CHPG,2025-06-01
CHPT,2019-09-01
CHR,2018-09-01
CHRD,2010-06-01
CHRS,2014-11-01
CHRW,1997-10-01
CHSN,2023-03-01
CHT,2003-07-01
CHTR,2010-01-01
CHW,2007-07-01
CHWY,2019-06-01
CHY,2003-05-01
CHYM,2025-06-01
CI,1985-01-01
CIA,1985-01-01
CIEN,1997-02-01
CIF,1988-07-01
CIFR,2020-10-01
CIGI,1995-01-01
CIGL,2025-04-01
CII,2004-05-01
CIIT,2013-10-01
CIK,1987-04-01
CIM,2007-11-01
CINF,1985-01-01
CING,2021-12-01
CINT,2021-11-01
CIO,2014-04-01
CION,2021-10-01
CISO,2022-01-01
CISS,2023-06-01
CIVB,1994-04-01
CIVI,2011-12-01
CIX,1998-03-01
CJET,2022-01-01
CJMB,2025-02-01
CKX,1999-07-01
CL,1985-01-01
CLAR,1998-05-01
CLB,1995-09-01
CLBK,2018-04-01
CLBT,2020-11-01
CLCO,2023-03-01
CLDI,2021-11-01
CLDT,2010-04-01
CLDX,1986-05-01
CLF,1985-01-01
CLFD,1986-08-01
CLGN,2018-01-01
CLH,1987-11-01
CLIK,2024-10-01
CLIR,2012-04-01
CLM,2002-08-01
CLMB,1995-07-01
CLMT,2006-01-01
CLNE,2007-05-01
CLNN,2018-10-01
CLOV,2020-06-01
CLPR,2017-02-01
CLPS,2018-05-01
CLPT,2012-05-01
CLRB,2005-11-01
CLRO,1989-03-01
CLS,1998-06-01
CLSD,2016-06-01
CLSK,2016-11-01
CLST,2021-10-01
CLVT,2018-10-01
CLW,2008-12-01
CLWT,1997-03-01
CLX,1985-01-01
CLYM,2021-08-01
CM,1997-11-01
CMA,1985-01-01
CMBM,2019-06-01
CMBT,2015-01-01
CMC,1985-01-01
CMCL,1985-01-01
CMCO,1996-02-01
CMCSA,1985-01-01
CMDB,2025-05-01
CME,2002-12-01
CMG,2006-01-01
CMI,1985-01-01
CMND,2022-11-01
CMP,2003-12-01
CMPO,2020-11-01
CMPR,2005-09-01
CMPS,2020-09-01
CMPX,2021-04-01
CMRC,2020-08-01
CMRE,2010-11-01
CMS,1985-01-01
CMT,1988-09-01
CMTG,2021-11-01
CMTL,1985-01-01
CMU,1987-03-01
CNA,1985-01-01
CNC,2001-12-01
CNCK,2021-09-01
CNDT,2016-12-01
CNET,2009-08-01
CNEY,2021-02-01
CNH,2013-09-01
CNI,1996-11-01
CNK,2007-04-01
CNL,2021-07-01
CNM,2021-07-01
CNMD,1987-07-01
CNNE,2017-11-01
CNO,2003-09-01
CNOB,1994-04-01
CNP,1985-01-01
CNQ,2000-07-01
CNR,2017-11-01
CNS,2004-08-01
CNSP,2019-11-01
CNTB,2021-03-01
CNTX,2021-10-01
CNTY,1993-11-01
CNVS,2003-11-01
CNX,1999-04-01
CNXC,2020-11-01
CNXN,1998-03-01
COCH,2021-04-01
COCO,2021-10-01
COCP,2012-02-01
CODA,2001-07-01
CODI,2006-05-01
CODX,2017-07-01
COEP,2020-12-01
COF,1994-11-01
COFS,2001-06-01
COGT,2018-03-01
COHN,2004-03-01
COHR,1987-10-01
COHU,1985-01-01
COIN,2021-04-01
COKE,1973-02-01
COLB,1992-06-01
COLD,2018-01-01
COLL,2015-05-01
COLM,1998-03-01
COMM,2013-10-01
COMP,2021-04-01
CON,2024-07-01
COO,1983-01-01
COOK,2021-07-01
COOT,2020-12-01
COP,1985-01-01
COPL,2025-06-01
COR,1995-04-01
CORT,2004-04-01
CORZ,2024-01-01
COSM,2010-07-01
COSO,2025-05-01
COST,1986-07-01
COTY,2013-06-01
COUR,2021-03-01
COYA,2022-12-01
CP,1985-01-01
CPA,2005-12-01
CPAY,2010-12-01
CPB,1985-01-01
CPBI,2023-10-01
CPF,1987-08-01
CPHC,2008-09-01
CPHI,2002-04-01
CPIX,2009-08-01
CPK,1985-01-01
CPNG,2021-03-01
CPOP,2021-06-01
CPRI,2011-12-01
CPRT,1994-03-01
CPRX,2006-11-01
CPS,2010-05-01
CPSH,1994-04-01
CPSS,1992-10-01
CPT,1993-07-01
CPZ,2019-11-01
CR,2023-03-01
CRAI,1998-04-01
CRAQ,2025-06-01
CRBG,2022-09-01
CRBP,2014-10-01
CRBU,2021-07-01
CRC,2020-10-01
CRCL,2025-06-01
CRCT,2021-03-01
CRD/A,1990-07-01
CRD/B,1985-01-01
CRDF,2004-07-01
CRDL,2019-01-01
CRDO,2022-01-01
CRE,2025-07-01
CREG,2004-12-01
CREV,2023-11-01
CREX,2006-11-01
CRF,1987-11-01
CRGO,2021-11-01
CRGY,2021-12-01
CRH,1989-07-01
CRI,2003-10-01
CRIS,2000-08-01
CRK,1987-08-01
CRL,2000-06-01
CRM,2004-06-01
CRMD,2010-05-01
CRML,2022-02-01
CRMT,1987-03-01
CRNC,2019-09-01
CRNT,2000-08-01
CRNX,2018-07-01
CRON,2018-02-01
CROX,2006-02-01
CRS,1985-01-01
CRSP,2016-10-01
CRSR,2020-09-01
CRT,1992-02-01
CRUS,1989-06-01
CRVL,1991-06-01
CRVO,2008-05-01
CRVS,2016-03-01
CRWD,2019-06-01
CRWS,2003-10-01
CRWV,2025-03-01
CSAI,2025-01-01
CSAN,2021-03-01
CSBR,2007-02-01
CSCO,1990-02-01
CSGP,1998-07-01
CSGS,1996-02-01
CSIQ,2006-11-01
CSL,1985-01-01
CSPI,1982-01-01
CSQ,2004-04-01
CSR,1997-10-01
CSTE,2012-03-01
CSTL,2019-07-01
CSTM,2013-05-01
CSV,1996-08-01
CSW,2015-09-01
CSWC,1985-01-01
CSX,1985-01-01
CTAS,1983-08-01
CTEV,2020-04-01
CTGO,2010-12-01
CTKB,2021-07-01
CTLP,1999-06-01
CTM,2022-10-01
CTMX,2015-10-01
CTNM,2024-04-01
CTNT,2023-08-01
CTO,1980-03-01
CTOR,2022-12-01
CTOS,2017-10-01
CTRA,1990-02-01
CTRE,2014-05-01
CTRI,2024-04-01
CTRM,2019-02-01
CTRN,2005-05-01
CTS,1985-01-01
CTSH,1998-06-01
CTSO,2006-08-01
CTVA,2019-05-01
CTW,2025-08-01
CTXR,2014-10-01
CUB,2024-08-01
CUBE,2004-10-01
CUBI,2012-03-01
CUE,2018-01-01
CUK,2000-10-01
CULP,1985-01-01
CUPR,2025-04-01
CURB,2024-09-01
CURI,2020-01-01
CURR,2024-09-01
CURV,2021-07-01
CURX,2025-08-01
CUZ,1985-01-01
CV,2025-07-01
CVAC,2020-08-01
CVBF,1985-01-01
CVCO,2003-07-01
CVE,2009-11-01
CVEO,2014-05-01
CVGI,2004-08-01
CVGW,2002-07-01
CVI,2007-10-01
CVKD,2023-01-01
CVLG,1994-10-01
CVLT,2006-09-01
CVM,1983-12-01
CVNA,2017-04-01
CVR,1985-01-01
CVRX,2021-06-01
CVS,1985-01-01
CVU,1992-09-01
CVV,1999-03-01
CVX,1985-01-01
CWAN,2021-09-01
CWCO,1995-01-01
CWD,2023-05-01
CWEN,2015-05-01
CWH,2016-10-01
CWK,2018-08-01
CWST,1997-10-01
CWT,1985-01-01
CX,1999-09-01
CXAI,2021-02-01
CXDO,2018-03-01
CXE,1989-02-01
CXH,1989-05-01
CXM,2021-06-01
CXT,1980-03-01
CXW,1997-07-01
CYBN,2019-09-01
CYBR,2014-09-01
CYCN,2019-03-01
CYCU,2025-02-01
CYD,1994-12-01
CYN,2021-10-01
CYRX,2005-08-01
CYTK,2004-04-01
CZFS,1999-01-01
CZNC,1994-04-01
CZR,2014-09-01
D,1985-01-01
DAAQ,2025-06-01
DAC,2006-10-01
DAIC,2025-06-01
DAIO,1989-01-01
DAKT,1994-02-01
DAL,2007-05-01
DAN,2008-01-01
DAR,1994-09-01
DARE,2014-04-01
DASH,2020-12-01
DAVE,2021-04-01
DAWN,2021-05-01
DAY,2018-04-01
DB,1996-11-01
DBD,2023-08-01
DBGI,2021-05-01
DBI,2005-06-01
DBL,2012-01-01
DBRG,2014-06-01
DBRG^H,2015-04-01
DBRG^I,2017-05-01
DBRG^J,2017-09-01
DBX,2018-03-01
DC,2022-04-01
DCBO,2020-12-01
DCGO,2020-12-01
DCI,1985-01-01
DCO,1985-01-01
DCTH,2018-05-01
DD,1985-01-01
DDC,2023-11-01
DDD,1988-03-01
DDI,2021-08-01
DDOG,2019-09-01
DDS,1985-01-01
DDT,1998-10-01
DE,1985-01-01
DEA,2015-02-01
DEC,2021-01-01
DECK,1993-10-01
DEFT,2024-08-01
DEI,2006-10-01
DELL,2016-08-01
DENN,1998-01-01
DEO,1991-03-01
DERM,2021-11-01
DEVS,2024-11-01
DFDV,2023-07-01
DFH,2021-01-01
DFIN,2016-09-01
DFLI,2021-08-01
DFSC,2021-01-01
DG,2009-11-01
DGICA,2003-07-01
DGICB,1986-10-01
DGII,1989-10-01
DGLY,2007-05-01
DGNX,2025-01-01
DGX,1996-12-01
DGXX,2021-01-01
DH,2021-09-01
DHAI,2024-02-01
DHC,2000-02-01
DHF,1998-04-01
DHI,1992-06-01
DHIL,1996-06-01
DHR,1978-12-01
DHT,2005-10-01
DHX,2007-07-01
DHY,1998-07-01
DIAX,2014-12-01
DIBS,2021-06-01
DIN,1991-07-01
DINO,1985-01-01
DIOD,1985-01-01
DIS,1985-01-01
DIT,1995-08-01
DJCO,1986-06-01
DJT,2021-09-01
DK,2006-05-01
DKI,2025-08-01
DKNG,2019-07-01
DKS,2002-10-01
DLB,2005-02-01
DLHC,1986-05-01
DLO,2021-06-01
DLPN,2006-11-01
DLR,2004-10-01
DLTH,2015-11-01
DLTR,1995-03-01
DLX,1985-01-01
DLXY,2025-07-01
DMA,2022-01-01
DMAA,2025-02-01
DMAC,2012-08-01
DMRC,1999-12-01
DNA,2021-04-01
DNLI,2017-12-01
DNN,2005-02-01
DNOW,2014-05-01
DNP,1987-01-01
DNTH,2018-06-01
DNUT,2021-07-01
DOC,1985-05-01
DOCN,2021-03-01
DOCS,2021-06-01
DOCU,2018-04-01
DOGZ,2017-12-01
DOLE,2021-07-01
DOMH,1980-03-01
DOMO,2018-06-01
DOOO,2013-08-01
DORM,1991-03-01
DOUG,2021-12-01
DOV,1985-01-01
DOW,2019-03-01
DOX,1998-06-01
DOYU,2019-07-01
DPG,2011-08-01
DPRO,2021-01-01
DPZ,2004-07-01
DRCT,2022-02-01
DRDB,2025-02-01
DRH,2005-05-01
DRI,1995-05-01
DRIO,2016-03-01
DRMA,2021-08-01
DRS,1985-06-01
DRTS,2021-03-01
DRVN,2021-01-01
DSGN,2021-03-01
DSGR,1985-01-01
DSGX,1999-01-01
DSL,2013-04-01
DSP,2021-02-01
DSS,1994-04-01
DSU,1998-03-01
DSWL,1995-07-01
DSX,2005-03-01
DSY,2023-01-01
DT,2019-08-01
DTCK,2023-09-01
DTE,1985-01-01
DTF,1991-11-01
DTI,2021-12-01
DTIL,2019-03-01
DTM,2021-07-01
DTSQ,2024-09-01
DTSS,2018-03-01
DTST,2012-03-01
DUK,1985-01-01
DUO,2019-11-01
DUOL,2021-07-01
DUOT,2017-05-01
DV,2021-04-01
DVA,1995-10-01
DVAX,2004-02-01
DVLT,2018-07-01
DVN,1985-07-01
DVS,2012-03-01
DWSN,1994-04-01
DWTX,2020-12-01
DX,1988-02-01
DXC,1985-01-01
DXCM,2005-04-01
DXLG,1987-06-01
DXPE,1998-05-01
DXR,1985-01-01
DXST,2025-01-01
DXYZ,2024-03-01
DY,1985-01-01
DYAI,2008-01-01
DYCQ,2024-04-01
DYN,2020-09-01
E,1995-11-01
EA,1989-09-01
EAF,2018-04-01
EARN,2013-05-01
EAT,1985-01-01
EB,2018-09-01
EBAY,1998-09-01
EBC,2020-10-01
EBF,1985-01-01
EBMT,2000-04-01
EBON,2020-06-01
EBS,2006-11-01
ECAT,2021-09-01
ECBK,2022-07-01
ECC,2014-10-01
ECDA,2022-12-01
ECF,1986-06-01
ECG,2024-10-01
ECL,1985-01-01
ECO,2023-08-01
ECOR,2018-06-01
ECPG,1999-07-01
ECVT,2017-09-01
ECX,2021-03-01
ED,1985-01-01
EDBL,2022-05-01
EDD,2007-04-01
EDF,2010-12-01
EDIT,2016-02-01
EDRY,2018-06-01
EDSA,2010-06-01
EDTK,2020-07-01
EDU,2006-09-01
EDUC,1985-01-01
EE,2022-04-01
EEA,1986-07-01
EEFT,1997-03-01
EEIQ,2021-03-01
EEX,2017-04-01
EFC,2010-10-01
EFOI,1994-08-01
EFR,2003-11-01
EFSC,2003-07-01
EFSI,2001-07-01
EFT,2004-07-01
EFX,1985-01-01
EFXT,2011-06-01
EG,1995-10-01
EGAN,1999-09-01
EGBN,1999-07-01
EGG,2025-06-01
EGHA,2025-06-01
EGHT,1997-07-01
EGO,2003-01-01
EGP,1985-01-01
EGY,1993-01-01
EH,2019-12-01
EHAB,2022-06-01
EHC,1986-09-01
EHGO,2024-07-01
EHI,2003-07-01
EHLD,2025-03-01
EHTH,2006-10-01
EIC,2019-07-01
EIG,2007-01-01
EIX,1985-01-01
EJH,2021-05-01
EKSO,2014-01-01
EL,1995-11-01
ELA,1992-03-01
ELAB,2023-11-01
ELAN,2018-09-01
ELBM,2021-01-01
ELDN,2014-09-01
ELF,2016-09-01
ELLO,1995-10-01
ELMD,2010-08-01
ELOG,2025-08-01
ELPW,2023-05-01
ELS,1993-02-01
ELSE,1985-01-01
ELTK,1997-01-01
ELTX,2021-02-01
ELUT,2020-10-01
ELV,2001-10-01
ELVA,2010-01-01
ELVN,2020-03-01
ELVR,2025-09-01
EMA,2010-01-01
EMBC,2022-03-01
EMD,2003-12-01
EME,1995-01-01
EMF,1987-02-01
EMIS,2025-10-01
EML,1985-01-01
EMN,1993-12-01
EMPD,2021-10-01
EMR,1985-01-01
EMX,2007-08-01
ENB,1985-01-01
ENGN,2022-02-01
ENGS,2025-04-01
ENLT,2023-01-01
ENLV,2014-07-01
ENOV,2008-05-01
ENPH,2012-03-01
ENR,2015-06-01
ENS,2004-08-01
ENSC,2018-03-01
ENSG,2007-11-01
ENTA,2013-03-01
ENTG,2000-07-01
ENTO,2016-10-01
ENTX,2018-06-01
ENVA,2014-11-01
ENVB,2015-05-01
ENVX,2021-01-01
EOG,1989-10-01
EOI,2004-10-01
EOLS,2018-02-01
EONR,2022-04-01
EOS,2005-01-01
EOSE,2020-11-01
EP,1999-10-01
EPAC,2000-07-01
EPAM,2012-02-01
EPC,2000-03-01
EPD,1998-07-01
EPM,1996-04-01
EPOW,2021-02-01
EPR,1997-11-01
EPRT,2018-06-01
EPRX,2024-04-01
EPSM,2025-03-01
EPSN,2007-11-01
EPWK,2025-02-01
EQ,2018-10-01
EQBK,2015-11-01
EQH,2018-05-01
EQIX,2000-08-01
EQNR,2001-06-01
EQR,1993-08-01
EQS,1992-09-01
EQT,1985-01-01
EQV,2024-09-01
EQX,2019-01-01
ERAS,2021-07-01
ERC,2003-06-01
ERH,2004-04-01
ERIE,1995-10-01
ERII,2008-07-01
ERJ,2000-07-01
ERNA,1991-08-01
ERO,2017-10-01
ES,1985-01-01
ESAB,2022-03-01
ESCA,1985-01-01
ESE,1990-10-01
ESEA,2006-05-01
ESGL,2022-04-01
ESI,2013-10-01
ESLA,2021-09-01
ESLT,1996-11-01
ESNT,2013-10-01
ESOA,2006-10-01
ESP,1985-01-01
ESPR,2013-06-01
ESQ,2017-06-01
ESRT,2013-10-01
ESS,1994-06-01
ESTA,2018-07-01
ESTC,2018-10-01
ETB,2005-04-01
ETD,1993-03-01
ETG,2004-01-01
ETHM,2024-12-01
ETHZ,2017-06-01
ETJ,2007-07-01
ETN,1985-01-01
ETO,2004-05-01
ETON,2018-11-01
ETOR,2025-05-01
ETR,1972-06-01
ETS,2025-08-01
ETSY,2015-04-01
ETX,2013-03-01
ETY,2006-11-01
EU,2011-01-01
EUDA,2021-12-01
EVAC,2025-08-01
EVC,2000-08-01
EVCM,2021-07-01
EVER,2018-06-01
EVEX,2022-05-01
EVF,1998-10-01
EVG,2005-02-01
EVGN,2010-10-01
EVGO,2020-11-01
EVH,2015-06-01
EVI,1990-03-01
EVLV,2020-09-01
EVN,1999-01-01
EVOK,2013-09-01
EVR,2006-08-01
EVRG,1985-01-01
EVT,2003-09-01
EVTC,2013-04-01
EVTL,2020-11-01
EVTV,2017-06-01
EVV,2003-06-01
EW,2000-03-01
EWBC,1999-02-01
EWCZ,2021-08-01
EWTX,2021-03-01
EXAS,2001-02-01
EXC,1973-05-01
EXE,2021-02-01
EXEL,2000-04-01
EXFY,2021-11-01
EXG,2007-04-01
EXK,2006-04-01
EXLS,2006-10-01
EXOD,2021-09-01
EXOZ,2024-11-01
EXP,1994-04-01
EXPD,1985-01-01
EXPE,2005-07-01
EXPI,2018-02-01
EXPO,1990-08-01
EXR,2004-08-01
EXTR,1999-04-01
EYE,2017-10-01
EYPT,2005-01-01
EZGO,2021-01-01
EZPW,1991-08-01
F,1985-01-01
FA,2021-06-01
FACT,2024-12-01
FAF,2010-05-01
FAMI,2018-02-01
FANG,2012-10-01
FARM,1985-01-01
FAST,1987-08-01
FAT,2017-10-01
FATBB,2021-08-01
FATE,2013-10-01
FATN,2025-04-01
FAX,1986-04-01
FBGL,2025-02-01
FBIN,2011-09-01
FBIO,2011-11-01
FBIZ,2005-11-01
FBK,2016-09-01
FBLA,2024-10-01
FBLG,2024-01-01
FBNC,1987-04-01
FBP,1987-01-01
FBRT,2021-10-01
FBRX,2017-04-01
FBYD,2023-10-01
FC,1992-06-01
FCAP,1999-01-01
FCEL,1992-06-01
FCF,1992-06-01
FCFS,1991-06-01
FCHL,2025-09-01
FCN,1996-05-01
FCNCA,1986-10-01
FCO,1992-03-01
FCPT,2015-11-01
FCT,2004-05-01
FCUV,2014-11-01
FCX,1995-07-01
FDBC,1999-04-01
FDMT,2020-12-01
FDP,1997-10-01
FDSB,2024-08-01
FDUS,2011-06-01
FDX,1985-01-01
FE,1997-11-01
FEAM,2022-03-01
FEBO,2023-11-01
FEIM,1985-01-01
FELE,1985-01-01
FEMY,2021-06-01
FENC,2017-09-01
FER,2012-08-01
FERG,2010-01-01
FET,2012-04-01
FF,2011-03-01
FFA,2004-08-01
FFAI,2020-09-01
FFBC,1985-01-01
FFIC,1995-11-01
FFIN,1993-11-01
FFIV,1999-06-01
FFWM,2014-11-01
FG,2022-11-01
FGBI,2012-08-01
FGEN,2014-11-01
FGI,2022-01-01
FGL,2024-10-01
FGMC,2025-02-01
FGNX,2014-04-01
FHB,2016-08-01
FHI,1998-05-01
FHN,1985-01-01
FHTX,2020-10-01
FI,1986-09-01
FIBK,2010-03-01
FICO,1987-07-01
FIEE,2009-10-01
FIG,2025-07-01
FIGR,2025-09-01
FIGS,2021-05-01
FIGX,2025-08-01
FIHL,2023-06-01
FINS,2019-05-01
FINW,2021-11-01
FIP,2022-07-01
FIS,2001-06-01
FISI,1999-06-01
FITB,1985-01-01
FIVE,2012-07-01
FIVN,2014-04-01
FIX,1997-06-01
FIZZ,1991-09-01
FKWL,2007-08-01
FLC,2003-08-01
FLD,2022-02-01
FLEX,1994-03-01
FLG,1993-11-01
FLGC,2021-05-01
FLGT,2016-09-01
FLL,1993-08-01
FLNC,2021-10-01
FLNG,2019-06-01
FLNT,2007-12-01
FLO,1985-01-01
FLOC,2025-01-01
FLR,2000-12-01
FLS,1985-01-01
FLUT,2002-10-01
FLUX,2020-08-01
FLWS,1999-08-01
FLXS,1985-01-01
FLY,2025-08-01
FLYE,2024-06-01
FLYW,2021-05-01
FLYX,2023-12-01
FMAO,2006-01-01
FMBH,1999-03-01
FMC,1985-01-01
FMFC,2025-06-01
FMN,2002-12-01
FMNB,1999-01-01
FMST,2023-07-01
FMX,1998-05-01
FMY,2005-05-01
FN,2010-06-01
FNB,1986-09-01
FND,2017-04-01
FNF,2005-10-01
FNGR,2017-08-01
FNKO,2017-11-01
FNLC,1999-07-01
FNV,2007-12-01
FNWB,2015-01-01
FNWD,1998-05-01
FOA,2019-04-01
FOFO,2025-09-01
FOLD,2007-05-01
FONR,1985-01-01
FOR,2007-12-01
FORA,2021-03-01
FORD,1994-11-01
FORM,2003-06-01
FORR,1996-11-01
FOSL,1993-04-01
FOUR,2020-06-01
FOX,2019-03-01
FOXA,2019-03-01
FOXF,2013-08-01
FOXX,2022-08-01
FPH,2017-05-01
FPI,2014-04-01
FR,1994-06-01
FRA,2003-10-01
FRAF,1994-04-01
FRBA,2010-10-01
FRD,1985-01-01
FRGE,2021-02-01
FRGT,2017-08-01
FRHC,2018-02-01
FRME,1989-06-01
FRMEP,2020-08-01
FRMI,2025-10-01
FRO,2001-08-01
FROG,2020-09-01
FRPH,1986-07-01
FRPT,2014-11-01
FRSH,2021-09-01
FRST,2006-11-01
FRT,1985-01-01
FSBC,2021-05-01
FSBW,2012-07-01
FSEA,2019-07-01
FSFG,2008-10-01
FSHP,2024-08-01
FSI,1999-10-01
FSK,2014-04-01
FSLR,2006-11-01
FSLY,2019-05-01
FSM,2007-01-01
FSP,2005-06-01
FSS,1985-01-01
FSTR,1985-01-01
FSUN,2022-08-01
FSV,2015-06-01
FT,1988-09-01
FTAI,2015-05-01
FTCI,2021-04-01
FTDR,2018-09-01
FTEK,1993-09-01
FTEL,2023-08-01
FTF,2003-09-01
FTFT,2008-06-01
FTHM,2020-07-01
FTI,2001-06-01
FTK,2005-07-01
FTLF,2007-11-01
FTNT,2009-11-01
FTRE,2023-06-01
FTRK,2025-05-01
FTS,2010-01-01
FTV,2016-07-01
FUBO,2019-03-01
FUFU,2021-12-01
FUL,1985-01-01
FULC,2019-07-01
FULT,1985-09-01
FUN,1987-04-01
FUND,1988-06-01
FURY,2014-04-01
FUSB,1999-01-01
FUSE,2022-03-01
FVCB,2015-05-01
FVN,2024-11-01
FVR,2024-10-01
FVRR,2019-06-01
FWONA,2013-01-01
FWONK,2014-07-01
FWRD,1993-11-01
FWRG,2021-10-01
FXNC,1999-01-01
FYBR,2021-05-01
G,2007-08-01
GAB,1986-08-01
GABC,1993-05-01
GAIA,1999-10-01
GAIN,2005-06-01
GALT,2002-09-01
GAM,1985-01-01
GAMB,2021-07-01
GAME,2018-01-01
GANX,2021-03-01
GAP,1985-01-01
GASS,2005-10-01
GATX,1985-01-01
GAU,2008-01-01
GAUZ,2024-06-01
GBCI,1985-01-01
GBDC,2010-04-01
GBFH,2024-07-01
GBIO,2020-06-01
GBLI,2003-12-01
GBR,1993-03-01
GBTG,2022-08-01
GBX,1994-07-01
GCBC,1999-06-01
GCI,2014-02-01
GCL,2022-04-01
GCMG,2019-02-01
GCO,1985-01-01
GCT,2022-08-01
GCTK,2013-04-01
GCTS,2021-12-01
GCV,1995-03-01
GD,1985-01-01
GDC,2015-12-01
GDDY,2015-03-01
GDEN,1999-01-01
GDEV,2020-10-01
GDHG,2023-04-01
GDL,2007-04-01
GDOT,2010-07-01
GDRX,2020-09-01
GDS,2016-11-01
GDTC,2023-04-01
GDV,2003-11-01
GDYN,2018-10-01
GE,1962-01-01
GECC,2016-11-01
GEF,1996-02-01
GEG,1999-06-01
GEHC,2022-12-01
GELS,2024-10-01
GEMI,2025-09-01
GEN,1989-06-01
GENC,2003-07-01
GENI,2020-10-01
GENK,2023-06-01
GEO,1994-07-01
GEOS,1997-11-01
GERN,1996-07-01
GES,1996-08-01
GETY,2020-09-01
GEV,2024-03-01
GEVO,2011-02-01
GF,1990-01-01
GFAI,2021-09-01
GFF,1985-01-01
GFL,2020-03-01
GFR,2021-12-01
GFS,2021-10-01
GGB,1999-03-01
GGG,1985-01-01
GGN,2005-03-01
GGN^B,2013-05-01
GGR,2021-03-01
GGT,1994-10-01
GGZ,2014-06-01
GH,2018-10-01
GHC,1985-01-01
GHLD,2020-10-01
GHM,1985-01-01
GHRS,2021-06-01
GHY,2012-12-01
GIB,1998-10-01
GIBO,2023-08-01
GIC,1995-06-01
GIFI,1997-04-01
GIFT,2021-01-01
GIG,2024-09-01
GIGM,2000-02-01
GIII,1989-12-01
GIL,1998-06-01
GILD,1992-01-01
GILT,1993-03-01
GIPR,2021-10-01
GIS,1985-01-01
GITS,2023-08-01
GIW,2025-10-01
GJR,2007-12-01
GJS,2006-04-01
GJT,2007-08-01
GKOS,2015-06-01
GL,1985-01-01
GLAD,2002-08-01
GLBE,2021-05-01
GLBS,2008-03-01
GLBZ,1999-11-01
GLDD,2006-12-01
GLDG,2012-02-01
GLE,2024-09-01
GLIBA,2025-07-01
GLIBK,2025-07-01
GLMD,2014-03-01
GLNG,2003-07-01
GLOB,2014-07-01
GLPI,2013-10-01
GLQ,2005-04-01
GLRE,2007-05-01
GLSI,2020-09-01
GLTO,2020-10-01
GLU,2004-05-01
GLUE,2021-06-01
GLV,2004-07-01
GLW,1985-01-01
GLXG,2024-09-01
GLXY,2025-05-01
GM,2010-11-01
GMAB,2009-06-01
GME,2002-02-01
GMED,2012-08-01
GMGI,2009-10-01
GMHS,2023-06-01
GMM,2023-10-01
GMRE,2016-06-01
GNE,2011-10-01
GNK,2014-07-01
GNL,2015-06-01
GNLN,2019-04-01
GNLX,2023-01-01
GNPX,2018-03-01
GNRC,2010-02-01
GNS,2022-04-01
GNSS,1994-04-01
GNT,2011-01-01
GNTX,1985-01-01
GNW,2004-05-01
GO,2019-06-01
GOCO,2020-07-01
GOGO,2013-06-01
GOLF,2016-10-01
GOOD,2003-08-01
GOOG,2004-08-01
GOOGL,2004-08-01
GOOS,2017-03-01
GORO,2006-09-01
GORV,2018-03-01
GOSS,2019-02-01
GOVX,2020-09-01
GP,2020-08-01
GPAT,2024-07-01
GPC,1985-01-01
GPI,1997-10-01
GPK,1992-12-01
GPMT,2017-06-01
GPN,2001-01-01
GPOR,2021-05-01
GPRE,2006-03-01
GPRK,2010-10-01
GPRO,2014-06-01
GPUS,1996-12-01
GRAB,2020-12-01
GRAF,2024-08-01
GRAL,2024-06-01
GRAN,2025-07-01
GRBK,2007-06-01
GRC,1985-01-01
GRCE,2012-02-01
GRDN,2024-09-01
GREE,2000-07-01
GRF,2004-01-01
GRI,2021-02-01
GRMN,2000-12-01
GRND,2021-01-01
GRNQ,2018-06-01
GRNT,2020-11-01
GRO,2024-11-01
GROV,2021-05-01
GROW,1985-04-01
GROY,2021-03-01
GRPN,2011-11-01
GRRR,2021-05-01
GRVY,2005-02-01
GRWG,2018-02-01
GRX,2007-06-01
GS,1999-05-01
GSAT,2006-11-01
GSBC,1989-12-01
GSBD,2015-03-01
GSHD,2018-04-01
GSHR,2025-05-01
GSIT,2007-03-01
GSIW,2023-12-01
GSL,2008-08-01
GSM,2009-07-01
GSRF,2025-10-01
GSUN,2022-06-01
GT,1985-01-01
GTBP,2018-03-01
GTE,2005-12-01
GTEC,2018-08-01
GTEN,2025-06-01
GTERA,2025-07-01
GTES,2018-01-01
GTI,2022-01-01
GTIM,1992-07-01
GTLB,2021-10-01
GTLS,2006-07-01
GTM,2020-06-01
GTN,2002-08-01
GTX,2018-09-01
GTY,1985-01-01
GUG,2021-11-01
GURE,2006-10-01
GUT,1999-07-01
GUTS,2024-02-01
GV,2022-05-01
GVA,1990-04-01
GVH,2023-11-01
GWAV,2015-04-01
GWH,2021-01-01
GWRE,2012-01-01
GWRS,2016-04-01
GWW,1985-01-01
GXAI,2023-02-01
GXO,2021-07-01
GYRE,2006-04-01
GYRO,1995-08-01
H,2009-11-01
HAE,1991-05-01
HAFC,1994-04-01
HAFN,2024-04-01
HAIN,1994-01-01
HAL,1985-01-01
HALO,2004-03-01
HAO,2024-01-01
HAS,1985-01-01
HASI,2013-04-01
HAYW,2021-03-01
HBAN,1985-01-01
HBB,2017-09-01
HBCP,2008-10-01
HBI,2006-09-01
HBIO,2001-03-01
HBM,2009-02-01
HBNB,2025-06-01
HBNC,2002-01-01
HBR,2025-10-01
HBT,2019-10-01
HCA,2011-03-01
HCAI,2025-02-01
HCAT,2019-07-01
HCC,2017-04-01
HCHL,2025-06-01
HCI,2008-09-01
HCKT,1998-05-01
HCMA,2025-09-01
HCSG,1985-01-01
HCTI,2021-10-01
HCWB,2021-07-01
HCWC,2024-09-01
HD,1985-01-01
HDB,2001-07-01
HDSN,1994-11-01
HE,1985-01-01
HEI,1985-01-01
HEI/A,1998-04-01
HELE,1985-01-01
HEQ,2011-05-01
HERZ,1994-05-01
HESM,2017-04-01
HFBL,2007-06-01
HFFG,2017-09-01
HFWA,1998-05-01
HG,2023-11-01
HGBL,1993-03-01
HGLB,2019-03-01
HGTY,2021-06-01
HGV,2017-01-01
HHH,2010-11-01
HHS,1993-11-01
HI,2008-03-01
HIFS,1988-12-01
HIG,1995-12-01
HIHO,1996-12-01
HII,2011-03-01
HIMS,2019-09-01
HIND,2016-10-01
HIPO,2021-01-01
HIT,2024-12-01
HITI,2021-01-01
HIVE,2011-02-01
HIW,1994-06-01
HIX,1998-05-01
HKIT,2023-03-01
HKPD,2025-01-01
HL,1985-01-01
HLF,2004-12-01
HLI,2015-08-01
HLIO,1997-01-01
HLIT,1995-05-01
HLLY,2020-11-01
HLMN,2020-12-01
HLNE,2017-03-01
HLP,2023-03-01
HLT,2013-12-01
HLX,1997-07-01
HMC,1985-01-01
HMN,1991-11-01
HMR,2025-02-01
HMY,1994-05-01
HNGE,2025-05-01
HNI,1985-01-01
HNNA,2005-03-01
HNRG,1994-04-01
HNST,2021-05-01
HNVR,2022-05-01
HOFT,2002-06-01
HOG,1986-07-01
HOLO,2021-08-01
HOLX,1990-03-01
HOMB,2006-06-01
HON,1985-01-01
HONE,2016-06-01
HOOD,2021-07-01
HOPE,1998-01-01
HOTH,2019-02-01
HOUR,2022-01-01
HOUS,2012-10-01
HOV,1985-01-01
HOVR,2023-04-01
HOWL,2021-04-01
HP,1985-01-01
HPAI,2024-08-01
HPE,2015-10-01
HPK,2018-05-01
HPP,2010-06-01
HPQ,1985-01-01
HQH,1987-04-01
HQI,2003-10-01
HQL,1992-05-01
HQY,2014-07-01
HR,1993-05-01
HRB,1985-01-01
HRI,2006-11-01
HRL,1985-01-01
HRMY,2020-08-01
HROW,2007-09-01
HRTG,2014-05-01
HRTX,1987-08-01
HRZN,2010-10-01
HSBC,1999-07-01
HSCS,2022-06-01
HSDT,2014-06-01
HSHP,2023-03-01
HSIC,1995-11-01
HSII,1999-04-01
HSPO,2023-01-01
HSPT,2025-02-01
HST,1985-01-01
HSTM,2000-04-01
HSY,1985-01-01
HTB,2012-07-01
HTBK,1998-07-01
HTCO,2021-09-01
HTCR,2022-02-01
HTD,2004-02-01
HTFL,2025-08-01
HTGC,2005-06-01
HTH,2004-02-01
HTLD,1986-11-01
HTLM,2024-10-01
HTO,1985-01-01
HTOO,2020-12-01
HTZ,2021-07-01
HUBB,1985-01-01
HUBC,2022-01-01
HUBG,1996-03-01
HUBS,2014-10-01
HUDI,2021-01-01
HUHU,2024-10-01
HUM,1985-01-01
HUMA,2020-12-01
HUN,2005-02-01
HURA,2013-02-01
HURC,1985-01-01
HURN,2004-10-01
HUSA,2002-01-01
HUT,2018-03-01
HVII,2025-02-01
HVMC,2025-10-01
HVT,1985-01-01
HVT/A,1986-05-01
HWBK,1999-07-01
HWC,1991-06-01
HWH,2022-03-01
HWKN,1985-01-01
HWM,2016-11-01
HXHX,2025-04-01
HXL,1985-01-01
HY,2012-10-01
HYAC,2023-09-01
HYFM,2020-12-01
HYFT,2002-01-01
HYLN,2020-01-01
HYMC,2018-03-01
HYPD,2018-01-01
HYPR,2021-01-01
HYT,2003-05-01
HZO,1998-06-01
IAC,1993-01-01
IAE,2007-03-01
IAF,1985-12-01
IAG,2003-07-01
IART,1995-08-01
IAS,2021-06-01
IAUX,2021-04-01
IBAC,2024-05-01
IBCP,1985-09-01
IBEX,2020-08-01
IBG,2024-09-01
IBIO,2008-08-01
IBKR,2007-05-01
IBM,1962-01-01
IBN,2000-03-01
IBO,2024-09-01
IBOC,1995-08-01
IBP,2014-02-01
IBTA,2024-04-01
ICCC,1987-05-01
ICCM,2021-08-01
ICE,2005-11-01
ICFI,2006-09-01
ICHR,2016-12-01
ICL,2005-03-01
ICLR,1998-05-01
ICMB,2014-02-01
ICON,2024-07-01
ICU,2021-03-01
ICUI,1992-03-01
IDA,1985-01-01
IDAI,2021-02-01
IDCC,1985-01-01
IDE,2010-02-01
IDN,1999-11-01
IDR,1999-10-01
IDT,2001-05-01
IDXX,1991-06-01
IDYA,2019-05-01
IE,2022-06-01
IEP,1987-07-01
IESC,1998-01-01
IEX,1989-06-01
IFBD,2021-04-01
IFF,1985-01-01
IFN,1994-02-01
IFRX,2017-11-01
IFS,2019-07-01
IGC,2006-05-01
IGIC,2018-04-01
IGR,2004-02-01
IHD,2011-04-01
IHRT,2019-07-01
IHS,2021-10-01
IHT,1985-01-01
IIF,1994-02-01
III,2007-02-01
IIIN,1992-03-01
IIIV,2018-06-01
IIM,1993-02-01
IINN,2021-07-01
IIPR,2016-12-01
IKT,2020-12-01
ILAG,2022-07-01
ILLR,2019-07-01
ILMN,2000-07-01
ILPT,2018-01-01
IMA,2021-03-01
IMAX,1994-06-01
IMCC,2020-05-01
IMDX,2015-12-01
IMG,2020-06-01
IMKTA,1987-09-01
IMMR,1999-11-01
IMMX,2021-12-01
IMNM,2020-10-01
IMNN,1999-03-01
IMO,1985-01-01
IMPP,2021-12-01
IMRX,2021-07-01
IMSR,2024-10-01
IMTE,2017-08-01
IMTX,2018-12-01
IMUX,2014-04-01
IMVT,2019-06-01
IMXI,2017-03-01
INAB,2021-07-01
INAC,2025-07-01
INBK,2006-04-01
INBS,2020-12-01
INBX,2024-05-01
INCR,2019-01-01
INCY,1993-11-01
INDB,1986-05-01
INDI,2019-10-01
INDO,2019-12-01
INDP,2015-08-01
INDV,2014-12-01
INEO,2024-10-01
INFA,2021-10-01
INFU,2007-12-01
ING,1994-05-01
INGM,2024-10-01
INGN,2014-02-01
INGR,1997-12-01
INHD,2023-12-01
INKT,2021-10-01
INLF,2025-01-01
INLX,2012-02-01
INM,2014-05-01
INMB,2019-02-01
INMD,2019-08-01
INN,2011-02-01
INNV,2021-03-01
INO,1998-12-01
INOD,1993-08-01
INR,2025-01-01
INSE,2014-12-01
INSG,2000-11-01
INSM,2000-06-01
INSP,2018-05-01
INSW,2016-11-01
INTA,2021-06-01
INTC,1985-01-01
INTG,1985-01-01
INTJ,2024-03-01
INTR,2022-06-01
INTS,2023-06-01
INTT,1997-06-01
INTU,1993-03-01
INTZ,1992-05-01
INUV,1998-08-01
INV,2021-11-01
INVA,2004-10-01
INVE,1997-10-01
INVH,2017-02-01
INVX,1997-10-01
INVZ,2020-06-01
IOBT,2021-11-01
IONQ,2021-01-01
IONS,1991-05-01
IOSP,1998-05-01
IOT,2021-12-01
IOTR,2025-04-01
IOVA,2010-10-01
IP,1962-01-01
IPAR,1988-02-01
IPCX,2025-06-01
IPDN,2013-03-01
IPG,1985-01-01
IPGP,2006-12-01
IPHA,2019-10-01
IPI,2008-04-01
IPM,2006-11-01
IPOD,2025-06-01
IPSC,2021-06-01
IPST,2024-11-01
IPW,2021-05-01
IPWR,2013-11-01
IQI,1992-09-01
IQST,2018-07-01
IQV,2013-05-01
IR,2017-05-01
IRBT,2005-11-01
IRD,2005-11-01
IRDM,2008-03-01
IREN,2021-11-01
IRIX,1996-02-01
IRM,1996-02-01
IRMD,2014-07-01
IRON,2020-08-01
IROQ,2011-07-01
IRT,2013-08-01
IRTC,2016-10-01
IRWD,2010-02-01
ISBA,2006-01-01
ISOU,2017-04-01
ISPC,2021-06-01
ISPO,2021-02-01
ISPR,2023-04-01
ISRG,2000-06-01
ISRL,2023-02-01
ISSC,2000-08-01
ISTR,2014-07-01
IT,1993-10-01
ITGR,2000-09-01
ITIC,1986-12-01
ITP,2007-10-01
ITRG,2020-07-01
ITRI,1993-11-01
ITRM,2018-05-01
ITRN,2005-09-01
ITT,1995-12-01
ITW,1985-01-01
IVA,2020-07-01
IVDA,2009-10-01
IVF,2020-11-01
IVP,2023-08-01
IVR,2009-07-01
IVT,2014-02-01
IVVD,2021-08-01
IVZ,1995-08-01
IXHL,2022-03-01
IZEA,2012-02-01
IZM,2023-03-01
J,1980-03-01
JACK,1992-03-01
JACS,2025-01-01
JAGX,2015-05-01
JAKK,1996-05-01
JAMF,2020-07-01
JANX,2021-06-01
JAZZ,2007-06-01
JBDI,2024-08-01
JBGS,2017-07-01
JBHT,1985-01-01
JBI,2019-12-01
JBIO,2021-06-01
JBK,2004-04-01
JBL,1993-05-01
JBLU,2002-04-01
JBS,2025-06-01
JBSS,1991-12-01
JBTM,2008-07-01
JCAP,2025-06-01
JCE,2007-03-01
JCI,1987-09-01
JCSE,2022-04-01
JCTC,1996-04-01
JDZG,2024-05-01
JEF,1980-03-01
JELD,2017-01-01
JEM,2025-06-01
JENA,2025-07-01
JFB,2025-03-01
JFBR,2022-08-01
JFR,2004-03-01
JGH,2014-11-01
JHG,2017-05-01
JHI,1985-01-01
JHS,1985-01-01
JHX,2001-10-01
JILL,2017-03-01
JJSF,1986-02-01
JKHY,1985-11-01
JL,2024-01-01
JLHL,2025-06-01
JLL,1997-07-01
JLS,2009-11-01
JMM,1988-12-01
JMSB,2017-03-01
JNJ,1985-01-01
JOB,1985-01-01
JOBY,2020-11-01
JOE,1990-03-01
JOF,1990-03-01
JOUT,1987-10-01
JPM,1985-01-01
JQC,2003-06-01
JRI,2012-04-01
JRS,2001-11-01
JRSH,2018-05-01
JRVR,2014-12-01
JSPR,2020-01-01
JTAI,2021-10-01
JUNS,2024-12-01
JVA,2005-05-01
JWEL,2021-03-01
JXG,2013-03-01
JXN,2021-09-01
JYD,2023-04-01
JYNT,2014-11-01
JZXN,2021-05-01
K,1973-02-01
KAI,1992-11-01
KALA,2017-07-01
KALU,2006-07-01
KALV,2015-04-01
KAPA,2024-09-01
KAR,2009-12-01
KARO,2021-04-01
KAVL,2021-01-01
KB,2001-11-01
KBDC,2024-05-01
KBH,1986-08-01
KBR,2006-11-01
KBSX,2022-03-01
KCHV,2025-07-01
KD,2021-10-01
KDK,2025-09-01
KDP,2008-05-01
KE,2014-11-01
KELYA,1985-01-01
KELYB,1985-01-01
KEN,2015-01-01
KEP,1994-10-01
KEQU,1985-01-01
KEX,1985-01-01
KEY,1987-11-01
KEYS,2014-10-01
KF,1985-01-01
KFFB,2005-03-01
KFII,2025-03-01
KFRC,1995-08-01
KFS,2001-07-01
KFY,1999-02-01
KG,2008-05-01
KGC,1985-01-01
KGEI,2010-01-01
KGS,2023-06-01
KHC,2015-07-01
KIDS,2017-10-01
KIDZ,2025-04-01
KIM,1991-11-01
KINS,1999-10-01
KITT,2021-08-01
KKR,2010-07-01
KLAC,1985-01-01
KLAR,2025-09-01
KLC,2024-10-01
KLIC,1985-01-01
KLRS,2020-07-01
KLTO,2022-04-01
KLTR,2021-07-01
KLXE,2018-08-01
KMB,1985-01-01
KMDA,2013-05-01
KMI,2011-02-01
KMPR,1990-04-01
KMRK,2025-07-01
KMT,1985-01-01
KMTS,2025-03-01
KMX,1997-02-01
KN,2014-02-01
KNDI,2007-09-01
KNF,2023-06-01
KNRX,2025-09-01
KNSA,2018-05-01
KNSL,2016-07-01
KNTK,2018-11-01
KNX,1994-10-01
KO,1985-01-01
KOD,2018-10-01
KODK,2013-09-01
KOP,2006-02-01
KOPN,1992-04-01
KORE,2020-12-01
KOS,2011-05-01
KOSS,1985-01-01
KOYN,2025-09-01
KPLT,2019-12-01
KPRX,2015-02-01
KPTI,2013-11-01
KR,1985-01-01
KRC,1997-01-01
KREF,2017-05-01
KRG,2004-08-01
KRMD,1994-04-01
KRMN,2025-02-01
KRNT,2015-04-01
KRNY,2005-02-01
KRO,2003-12-01
KROS,2020-04-01
KRRO,2019-10-01
KRT,2021-04-01
KRUS,2019-08-01
KRYS,2017-09-01
KSCP,2022-01-01
KSPI,2024-01-01
KSS,1992-05-01
KT,1999-05-01
KTB,2019-05-01
KTCC,1985-01-01
KTF,1988-10-01
KTN,2003-12-01
KTOS,1999-11-01
KTTA,2021-09-01
KULR,2018-07-01
KURA,2015-09-01
KVHI,1996-04-01
KVUE,2023-05-01
KVYO,2023-09-01
KW,2007-12-01
KWM,2025-05-01
KWR,1985-01-01
KXIN,2017-11-01
KYIV,2024-12-01
KYMR,2020-08-01
KYN,2004-09-01
KYTX,2024-02-01
KZR,2018-06-01
L,1985-01-01
LAB,2011-02-01
LAC,2023-10-01
LAD,1996-12-01
LADR,2014-02-01
LAES,2023-05-01
LAKE,1986-09-01
LAMR,1996-08-01
LAND,2013-01-01
LANV,2021-03-01
LAR,2008-09-01
LARK,1994-03-01
LASE,2022-09-01
LASR,2018-04-01
LAUR,2017-02-01
LAW,2021-07-01
LAZ,2005-05-01
LAZR,2019-03-01
LB,2024-06-01
LBGJ,2024-10-01
LBRDA,2014-11-01
LBRDK,2014-11-01
LBRT,2018-01-01
LBRX,2025-09-01
LBTYA,2004-06-01
LBTYB,2004-06-01
LBTYK,2005-09-01
LC,2014-12-01
LCCC,2025-06-01
LCFY,2022-03-01
LCID,2020-09-01
LCII,1985-05-01
LCNB,1999-10-01
LCTX,1992-03-01
LCUT,1991-06-01
LDI,2021-02-01
LDOS,2006-10-01
LDWY,1991-06-01
LE,2014-03-01
LEA,2009-11-01
LECO,1994-04-01
LEDS,2010-12-01
LEE,1985-01-01
LEG,1985-01-01
LEGH,2018-12-01
LEGT,2024-03-01
LEN,1980-03-01
LENZ,2021-06-01
LEO,1987-09-01
LESL,2020-10-01
LEU,1998-07-01
LEVI,2019-03-01
LEXX,2021-01-01
LFCR,1996-02-01
LFMD,2008-01-01
LFST,2021-06-01
LFT,2013-03-01
LFUS,1992-09-01
LFVN,1994-04-01
LFWD,2014-09-01
LGCB,2023-12-01
LGCL,2024-03-01
LGCY,2024-09-01
LGI,2004-04-01
LGIH,2013-11-01
LGL,1985-01-01
LGN,2025-09-01
LGND,1992-11-01
LGO,2010-04-01
LGPS,2025-03-01
LGVN,2021-02-01
LH,1990-03-01
LHAI,2025-07-01
LHSW,2025-04-01
LHX,1985-01-01
LICN,2023-02-01
LIDR,2021-01-01
LIEN,2022-02-01
LIF,2024-06-01
LII,1999-07-01
LILA,2015-07-01
LILAK,2015-06-01
LIMN,2025-05-01
LIN,1992-06-01
LINC,2005-06-01
LIND,2013-07-01
LINE,2024-07-01
LINK,2002-01-01
LION,2022-03-01
LIQT,2011-08-01
LITE,2015-07-01
LITM,2021-11-01
LITS,2003-12-01
LIVE,2002-01-01
LIVN,2015-10-01
LIXT,2007-10-01
LKFN,1997-08-01
LKQ,2003-10-01
LLY,1985-01-01
LLYVA,2023-08-01
LLYVK,2023-08-01
LMAT,2006-10-01
LMB,2014-08-01
LMFA,2015-12-01
LMND,2020-07-01
LMNR,2003-10-01
LMT,1985-01-01
LNAI,2018-02-01
LNC,1985-01-01
LND,2012-05-01
LNG,1994-04-01
LNKB,2022-09-01
LNKS,2024-12-01
LNN,1988-10-01
LNSR,2020-10-01
LNT,1985-01-01
LNTH,2015-06-01
LNW,1985-01-01
LNZA,2021-09-01
LOAN,1999-05-01
LOAR,2024-04-01
LOB,2015-07-01
LOBO,2024-03-01
LOCL,2021-04-01
LOCO,2014-07-01
LODE,2010-07-01
LOGI,1997-03-01
LOKV,2025-04-01
LOMA,2017-11-01
LOOP,2017-11-01
LOPE,2008-11-01
LOVE,2018-06-01
LOW,1985-01-01
LPA,2024-03-01
LPAA,2024-09-01
LPCN,2013-10-01
LPG,2014-05-01
LPL,2004-07-01
LPLA,2010-11-01
LPRO,2018-03-01
LPSN,2000-04-01
LPTH,1996-02-01
LPTX,2017-01-01
LPX,1985-01-01
LQDA,2018-07-01
LQDT,2006-02-01
LRCX,1984-05-01
LRHC,2023-10-01
LRMR,2014-06-01
LRN,2007-12-01
LSAK,1999-04-01
LSBK,2006-04-01
LSCC,1989-11-01
LSE,2024-12-01
LSF,2020-09-01
LSH,2024-06-01
LSPD,2020-09-01
LSTA,1999-03-01
LSTR,1993-03-01
LTBR,2005-01-01
LTC,1992-08-01
LTCC,2025-10-01
LTH,2021-10-01
LTRN,2020-06-01
LTRX,2000-08-01
LUCD,2021-10-01
LUCK,2021-04-01
LUCY,2022-08-01
LUD,2025-02-01
LULU,2007-07-01
LUMN,1985-01-01
LUNG,2020-10-01
LUNR,2021-11-01
LUV,1985-01-01
LVLU,2021-11-01
LVO,2017-08-01
LVRO,2021-11-01
LVS,2004-12-01
LVTX,2021-03-01
LVWR,2020-11-01
LW,2016-11-01
LWAC,2025-08-01
LWAY,1988-12-01
LWLG,2006-05-01
LXEO,2023-11-01
LXFR,2012-10-01
LXP,1993-10-01
LXRX,2000-04-01
LXU,1980-01-01
LYB,2010-04-01
LYEL,2021-06-01
LYFT,2019-03-01
LYRA,2020-05-01
LYTS,1985-03-01
LYV,2005-12-01
LZ,2021-06-01
LZB,1985-01-01
LZM,2021-12-01
LZMH,2025-02-01
M,1992-02-01
MA,2006-05-01
MAAS,2019-03-01
MAC,1994-03-01
MACI,2024-07-01
MAGH,2025-08-01
MAGN,1980-03-01
MAIA,2022-07-01
MAIN,2007-10-01
MAMA,2021-07-01
MAMK,2025-07-01
MAMO,2024-04-01
MAN,1988-10-01
MANH,1998-04-01
MAPS,2019-10-01
MAR,1998-03-01
MARA,2012-05-01
MAS,1985-01-01
MASI,2007-08-01
MASK,2025-01-01
MASS,2020-12-01
MAT,1985-01-01
MATH,2017-10-01
MATV,1995-11-01
MATW,1994-07-01
MATX,1985-01-01
MAX,2020-10-01
MAXN,2020-08-01
MAYA,2025-03-01
MAYS,1985-01-01
MAZE,2025-01-01
MB,2025-04-01
MBAV,2024-09-01
MBBC,2021-04-01
MBC,2022-12-01
MBCN,2003-02-01
MBI,1987-07-01
MBIN,2017-10-01
MBIO,2017-08-01
MBLY,2022-10-01
MBOT,1992-03-01
MBRX,2016-06-01
MBUU,2014-01-01
MBVI,2025-10-01
MBWM,1999-07-01
MBX,2024-09-01
MC,2014-04-01
MCB,2017-11-01
MCBS,2019-09-01
MCD,1985-01-01
MCFT,2015-07-01
MCGA,2025-07-01
MCHB,2012-02-01
MCHP,1993-03-01
MCHX,2004-03-01
MCI,1985-01-01
MCK,1994-11-01
MCN,2004-08-01
MCO,1994-10-01
MCR,1989-07-01
MCRB,2015-06-01
MCRI,1993-08-01
MCRP,2025-03-01
MCS,1985-01-01
MCTA,2025-10-01
MCTR,2025-01-01
MCW,2021-06-01
MCY,1985-11-01
MD,1995-09-01
MDAI,2021-04-01
MDB,2017-10-01
MDBH,2023-09-01
MDCX,2024-11-01
MDGL,2007-02-01
MDIA,2020-01-01
MDLZ,2001-06-01
MDRR,2018-11-01
MDT,1985-01-01
MDU,1973-02-01
MDV,2022-02-01
MDWD,2014-03-01
MDXG,2008-02-01
MDXH,2021-11-01
MEC,2019-05-01
MED,1993-12-01
MEDP,2016-08-01
MEG,2020-07-01
MEGI,2021-10-01
MEGL,2022-08-01
MEI,1985-01-01
MELI,2007-08-01
MENS,2025-06-01
MEOH,1992-05-01
MERC,1988-07-01
MESA,2018-08-01
MET,2000-04-01
META,2012-05-01
METC,2017-02-01
METCB,2023-06-01
MFA,1998-04-01
MFC,1999-09-01
MFG,2006-11-01
MFH,2015-04-01
MFI,2024-04-01
MFIC,2004-04-01
MFIN,1996-05-01
MFM,1986-11-01
MG,2009-10-01
MGA,1985-01-01
MGEE,1985-01-01
MGF,1987-05-01
MGIC,1991-08-01
MGIH,2023-04-01
MGLD,2022-03-01
MGM,1988-05-01
MGN,2025-09-01
MGNI,2014-04-01
MGNX,2013-10-01
MGPI,1988-10-01
MGRC,1985-01-01
MGRT,2025-07-01
MGRX,2023-03-01
MGTX,2018-06-01
MGX,2024-02-01
MGY,2017-06-01
MGYR,2006-01-01
MH,2025-07-01
MHD,1997-05-01
MHF,1988-11-01
MHH,2008-11-01
MHK,1992-04-01
MHN,1997-09-01
MHO,1993-11-01
MHUA,2022-02-01
MI,2015-11-01
MIAX,2025-08-01
MIDD,1987-08-01
MIGI,2012-02-01
MIMI,2025-01-01
MIN,1988-03-01
MIND,1994-12-01
MIR,2020-08-01
MIRA,2023-08-01
MIRM,2019-07-01
MIST,2019-05-01
MITK,1989-01-01
MITQ,2021-07-01
MITT,2011-06-01
MIY,1992-11-01
MKC,1985-01-01
MKDW,2023-03-01
MKL,1986-12-01
MKLY,2025-10-01
MKSI,1999-03-01
MKTW,2020-09-01
MKTX,2004-11-01
MKZR,2024-07-01
MLAB,1985-01-01
MLAC,2025-02-01
MLCI,1985-01-01
MLEC,2021-03-01
MLGO,2021-04-01
MLI,1991-02-01
MLKN,1985-01-01
MLM,1994-02-01
MLP,1994-04-01
MLR,1994-08-01
MLSS,1995-11-01
MLTX,2020-10-01
MLYS,2023-02-01
MMA,2024-03-01
MMC,1985-01-01
MMI,2013-10-01
MMLP,2002-11-01
MMM,1962-01-01
MMS,1997-06-01
MMSI,1990-05-01
MMT,1987-03-01
MMU,1992-07-01
MMYT,2010-08-01
MNDO,2000-08-01
MNDR,2024-04-01
MNDY,2021-06-01
MNKD,2004-07-01
MNMD,2016-11-01
MNOV,2006-12-01
MNPR,2019-12-01
MNRO,1991-07-01
MNSB,2005-09-01
MNST,1985-12-01
MNTK,2021-01-01
MNTN,2025-05-01
MNTS,2020-01-01
MNY,2020-12-01
MO,1985-01-01
MOBX,2021-08-01
MOD,1985-01-01
MODD,2022-02-01
MODG,1992-02-01
MOFG,2008-01-01
MOGO,2017-05-01
MOH,2003-07-01
MORN,2005-05-01
MOS,1988-01-01
MOV,1993-09-01
MOVE,2021-03-01
MP,2020-06-01
MPA,1992-11-01
MPAA,1994-03-01
MPB,1997-12-01
MPC,2011-06-01
MPLT,2025-10-01
MPTI,2022-10-01
MPU,1998-01-01
MPV,1988-10-01
MPW,2005-07-01
MPWR,2004-11-01
MPX,2001-03-01
MQ,2021-06-01
MQT,1992-09-01
MQY,1992-07-01
MRAM,2016-10-01
MRBK,2017-11-01
MRC,2012-04-01
MRCC,2012-10-01
MRCY,1998-01-01
MRK,1985-01-01
MRKR,2002-07-01
MRNA,2018-12-01
MRNO,2022-03-01
MRP,2025-02-01
MRSN,2017-06-01
MRT,2021-08-01
MRTN,1986-09-01
MRUS,2016-05-01
MRVI,2020-11-01
MRVL,2000-06-01
MRX,2024-04-01
MS,1993-02-01
MSA,1985-01-01
MSAI,2021-11-01
MSB,1985-01-01
MSBI,2016-05-01
MSCI,2007-11-01
MSD,1993-07-01
MSDL,2024-01-01
MSEX,1985-01-01
MSFT,1986-03-01
MSGE,2023-04-01
MSGM,2021-01-01
MSGS,2015-09-01
MSGY,2025-07-01
MSI,1985-01-01
MSIF,2025-01-01
MSM,1995-12-01
MSN,1994-09-01
MSPR,2020-10-01
MSS,2023-10-01
MSTR,1998-06-01
MSW,2024-11-01
MS^F,2013-12-01
MT,1997-08-01
MTA,2009-12-01
MTB,1985-01-01
MTC,2019-01-01
MTCH,1993-01-01
MTD,1997-11-01
MTDR,2012-02-01
MTEK,2022-02-01
MTEN,2024-04-01
MTEX,1999-02-01
MTG,1991-08-01
MTH,1988-07-01
MTN,1997-02-01
MTNB,2014-07-01
MTR,1985-01-01
MTRN,1985-01-01
MTRX,1990-09-01
MTSI,2012-03-01
MTSR,2025-01-01
MTUS,2014-06-01
MTVA,2016-08-01
MTW,1990-03-01
MTX,1992-10-01
MTZ,1985-01-01
MU,1985-01-01
MUA,1993-07-01
MUC,1998-03-01
MUE,1999-03-01
MUFG,2001-04-01
MUJ,1998-03-01
MUR,1985-01-01
MURA,2023-11-01
MUSA,2013-08-01
MUX,1980-05-01
MVBF,2012-08-01
MVF,1988-09-01
MVIS,1996-08-01
MVST,2019-03-01
MVT,1993-04-01
MWA,2006-05-01
MWG,2023-04-01
MWYN,2025-03-01
MX,2011-03-01
MXC,1994-05-01
MXCT,2021-07-01
MXE,1990-08-01
MXF,1985-01-01
MXL,2010-03-01
MYD,1991-12-01
MYE,1985-01-01
MYFW,2018-07-01
MYGN,1995-10-01
MYI,1992-04-01
MYN,1992-03-01
MYNZ,2021-11-01
MYO,2017-06-01
MYPS,2020-12-01
MYRG,2008-08-01
MYSE,2021-08-01
MYSZ,2016-08-01
MZTI,1985-01-01
NA,2022-07-01
NABL,2021-07-01
NAC,1999-05-01
NAD,1999-05-01
NAGE,2008-06-01
NAII,1993-10-01
NAK,2001-06-01
NAKA,2024-05-01
NAMM,2025-06-01
NAMS,2021-02-01
NAN,1999-05-01
NAOV,2015-05-01
NAT,1997-09-01
NATH,1993-02-01
NATL,2023-10-01
NATR,2009-06-01
NAUT,2020-08-01
NAVI,2014-04-01
NAVN,2025-10-01
NAZ,1992-11-01
NB,2023-03-01
NBB,2010-04-01
NBBK,2023-12-01
NBH,2002-10-01
NBHC,2012-09-01
NBIS,2024-10-01
NBIX,1996-05-01
NBN,1987-08-01
NBR,1985-01-01
NBTB,1992-03-01
NBXG,2021-05-01
NBY,2007-10-01
NC,1985-01-01
NCA,1987-10-01
NCDL,2024-01-01
NCEW,2024-12-01
NCI,2024-04-01
NCL,2023-10-01
NCLH,2013-01-01
NCMI,2007-02-01
NCNO,2020-07-01
NCPL,2006-06-01
NCRA,2021-01-01
NCSM,2017-04-01
NCT,2025-03-01
NCTY,2004-12-01
NCV,2003-03-01
NCZ,2003-07-01
NDAQ,2002-07-01
NDLS,2013-06-01
NDRA,2017-06-01
NDSN,1985-01-01
NE,2021-06-01
NEA,2003-01-01
NEE,1985-01-01
NEGG,2010-04-01
NEM,1985-01-01
NEO,2004-03-01
NEOG,1989-08-01
NEON,1989-01-01
NEOV,2020-05-01
NEPH,2004-09-01
NERV,2014-07-01
NET,2019-09-01
NETD,2023-09-01
NEU,1985-01-01
NEUP,2021-12-01
NEWP,2008-12-01
NEWT,2000-09-01
NEXA,2017-10-01
NEXM,2009-09-01
NEXN,2021-06-01
NEXT,2015-06-01
NFBK,2007-11-01
NFE,2019-01-01
NFG,1985-01-01
NFGC,2020-09-01
NFJ,2005-03-01
NFLX,2002-05-01
NG,2003-12-01
NGD,2004-11-01
NGNE,2014-03-01
NGS,2002-10-01
NGVC,2012-07-01
NGVT,2016-05-01
NHC,1987-01-01
NHI,1991-10-01
NHIC,2025-04-01
NHS,2003-07-01
NHTC,1995-06-01
NI,1985-01-01
NIC,2013-05-01
NIE,2007-02-01
NIM,1992-09-01
NINE,2018-01-01
NIQ,2025-07-01
NISN,2016-12-01
NITO,2010-11-01
NIVF,2022-03-01
NIXX,2012-09-01
NJR,1985-01-01
NKE,1985-01-01
NKLR,2025-10-01
NKSH,1999-12-01
NKTR,1994-05-01
NKTX,2020-07-01
NKX,2003-01-01
NL,1985-01-01
NLOP,2023-10-01
NLY,1997-10-01
NLY^F,2017-07-01
NMAI,2021-11-01
NMAX,2025-03-01
NMFC,2011-05-01
NMG,2021-01-01
NMI,1988-05-01
NMIH,2013-11-01
NML,2013-03-01
NMP,2025-09-01
NMRA,2023-09-01
NMRK,2017-12-01
NMS,2014-10-01
NMT,1993-03-01
NMTC,2018-03-01
NN,2020-11-01
NNBR,1994-03-01
NNE,2024-05-01
NNI,2003-12-01
NNN,1985-01-01
NNNN,2025-02-01
NNOX,2020-08-01
NNVC,2005-10-01
NNY,1987-10-01
NOA,2006-11-01
NOC,1985-01-01
NODK,2017-03-01
NOEM,2025-01-01
NOG,2007-04-01
NOM,1993-05-01
NOMD,2015-01-01
NOTV,1997-11-01
NOV,1996-10-01
NOVT,1999-03-01
NOW,2012-06-01
NP,2025-10-01
NPAC,2025-06-01
NPB,2025-02-01
NPCE,2021-04-01
NPCT,2021-04-01
NPK,1985-01-01
NPKI,1990-09-01
NPO,2002-05-01
NPT,2025-10-01
NPV,1993-03-01
NPWR,2021-08-01
NQP,1991-02-01
NRC,2013-05-01
NRDS,2021-11-01
NRDY,2020-11-01
NREF,2020-02-01
NRG,2003-12-01
NRGV,2021-03-01
NRIM,1990-11-01
NRIX,2020-07-01
NRK,2003-01-01
NRO,2003-10-01
NRP,2002-10-01
NRSN,2021-12-01
NRT,1985-01-01
NRXP,2017-12-01
NRXS,2023-08-01
NSA,2015-04-01
NSC,1985-01-01
NSIT,1995-01-01
NSP,1997-01-01
NSPR,2011-04-01
NSRX,2025-08-01
NSSC,1981-12-01
NSTS,2022-01-01
NSYS,1993-06-01
NTAP,1995-11-01
NTB,2016-09-01
NTCL,2024-12-01
NTCT,1999-08-01
NTGR,2003-07-01
NTHI,2025-03-01
NTIC,1992-03-01
NTIP,2003-11-01
NTLA,2016-05-01
NTNX,2016-09-01
NTR,2018-01-01
NTRA,2015-07-01
NTRB,2021-10-01
NTRP,2010-10-01
NTRS,1985-01-01
NTSK,2025-09-01
NTST,2020-08-01
NTWK,1998-09-01
NTWO,2024-12-01
NTZ,1993-05-01
NU,2021-12-01
NUAI,2022-01-01
NUE,1985-01-01
NUKK,2020-07-01
NUS,1996-11-01
NUTX,2022-04-01
NUV,1987-06-01
NUVB,2020-08-01
NUVL,2021-07-01
NUW,2009-02-01
NUWE,2012-02-01
NVAX,1995-12-01
NVCR,2015-10-01
NVCT,2022-02-01
NVDA,1999-01-01
NVEC,1995-05-01
NVFY,2011-10-01
NVG,2002-09-01
NVGS,2007-01-01
NVMI,2000-04-01
NVNI,2021-12-01
NVNO,2018-05-01
NVO,1981-04-01
NVR,1985-07-01
NVRI,1985-01-01
NVS,1996-11-01
NVST,2019-09-01
NVT,2018-04-01
NVTS,2021-10-01
NVVE,2020-05-01
NVX,2022-02-01
NWBI,1994-11-01
NWE,2007-12-01
NWFL,1998-03-01
NWL,1985-01-01
NWN,1985-01-01
NWPX,1995-11-01
NWS,2013-06-01
NWSA,2013-06-01
NWTG,2023-08-01
NX,1985-01-01
NXC,1992-06-01
NXDR,2021-11-01
NXDT,2006-06-01
NXE,2013-08-01
NXG,2012-09-01
NXGL,2021-12-01
NXJ,2002-09-01
NXL,2022-09-01
NXN,1992-06-01
NXP,1992-03-01
NXPI,2010-08-01
NXPL,1999-11-01
NXRT,2015-03-01
NXST,2003-11-01
NXT,2023-02-01
NXTC,2019-05-01
NXTT,2022-07-01
NXXT,2021-09-01
NYAX,2022-09-01
NYC,2020-08-01
NYT,1985-01-01
NYXH,2021-04-01
NZF,2001-10-01
O,1994-10-01
OABI,2021-09-01
OACC,2024-12-01
OBA,2025-08-01
OBDC,2019-07-01
OBE,2005-11-01
OBIO,2020-08-01
OBK,2018-05-01
OBLG,1995-06-01
OBT,2003-10-01
OC,2006-11-01
OCC,1996-04-01
OCCI,2018-10-01
OCFC,1996-07-01
OCG,2020-12-01
OCGN,2014-12-01
OCS,2021-05-01
OCSL,2008-06-01
OCUL,2014-07-01
ODC,1980-03-01
ODD,2023-07-01
ODFL,1991-10-01
ODP,1988-06-01
ODV,2008-04-01
ODYS,2021-01-01
OEC,2014-07-01
OESX,2007-12-01
OFAL,2025-05-01
OFG,1987-03-01
OFIX,1992-04-01
OFLX,2005-08-01
OFS,2012-11-01
OGE,1985-01-01
OGEN,2004-02-01
OGI,2019-05-01
OGN,2021-05-01
OGS,2014-01-01
OHI,1992-08-01
OI,1991-12-01
OII,1985-01-01
OIS,2001-02-01
OKE,1985-01-01
OKLO,2021-07-01
OKTA,2017-04-01
OKUR,2021-04-01
OKYO,2022-05-01
OLB,2012-08-01
OLED,1996-04-01
OLLI,2015-07-01
OLMA,2020-11-01
OLN,1985-01-01
OLP,1985-01-01
OLPX,2021-09-01
OM,2020-09-01
OMAB,2006-11-01
OMC,1985-01-01
OMCC,1997-12-01
OMCL,2001-08-01
OMDA,2025-06-01
OMER,2009-10-01
OMEX,1999-10-01
OMF,2013-10-01
OMH,2023-03-01
OMI,1985-01-01
OMSE,2025-05-01
ON,2000-05-01
ONB,1985-01-01
ONCH,2025-09-01
ONCO,2022-02-01
ONCY,2001-10-01
ONDS,2020-12-01
ONEG,2024-12-01
ONEW,2020-02-01
ONFO,2022-08-01
ONIT,1996-09-01
ONL,2021-11-01
ONMD,2021-06-01
ONON,2021-09-01
ONTF,2021-02-01
ONTO,2019-10-01
OOMA,2015-07-01
OP,2021-11-01
OPAD,2020-12-01
OPAL,2021-05-01
OPBK,2005-08-01
OPCH,1996-08-01
OPEN,2020-06-01
OPFI,2020-11-01
OPHC,2003-06-01
OPK,1995-11-01
OPRT,2019-09-01
OPRX,2007-11-01
OPTT,2007-04-01
OPTX,2022-01-01
OPXS,2010-05-01
OPY,1985-01-01
OR,2016-07-01
ORA,2004-11-01
ORBS,2022-05-01
ORC,2013-02-01
ORCL,1986-03-01
ORGN,2020-09-01
ORGO,2017-01-01
ORI,1985-01-01
ORIC,2020-04-01
ORIQ,2025-09-01
ORIS,2024-10-01
ORKA,1997-08-01
ORKT,2024-07-01
ORLA,2017-02-01
ORLY,1993-04-01
ORMP,2007-05-01
ORN,2007-12-01
ORRF,1999-05-01
OS,2024-07-01
OSBC,1993-11-01
OSCR,2021-03-01
OSIS,1997-10-01
OSK,1985-10-01
OSPN,1998-05-01
OSRH,2023-03-01
OSS,2018-02-01
OSTX,2024-08-01
OSUR,1986-11-01
OSW,2017-11-01
OTEX,1996-01-01
OTF,2025-06-01
OTIS,2020-03-01
OTLK,2016-06-01
OTTR,1985-01-01
OUST,2020-10-01
OUT,2014-03-01
OVBC,1994-11-01
OVID,2017-05-01
OVLY,2003-10-01
OVV,2002-04-01
OWL,2020-12-01
OWLS,2025-10-01
OWLT,2020-11-01
OXBR,2014-03-01
OXLC,2011-01-01
OXM,1985-01-01
OXSQ,2003-11-01
OXY,1985-01-01
OZK,1997-07-01
PAAS,1995-06-01
PAC,2006-02-01
PACB,2010-10-01
PACH,2025-08-01
PACK,2018-03-01
PACS,2024-04-01
PAG,1996-10-01
PAGS,2018-01-01
PAHC,2014-04-01
PAI,1985-01-01
PAII,2025-09-01
PAL,2024-05-01
PALI,2007-03-01
PAM,2009-10-01
PAMT,1986-09-01
PANL,2013-12-01
PANW,2012-07-01
PAPL,2023-11-01
PAR,1985-01-01
PARR,2012-09-01
PASG,2020-02-01
PASW,2025-07-01
PATH,2021-04-01
PATK,1980-03-01
PAVM,2016-07-01
PAVS,2019-10-01
PAX,2021-01-01
PAXS,2022-01-01
PAY,2021-05-01
PAYC,2014-04-01
PAYO,2020-10-01
PAYS,2007-10-01
PAYX,1985-01-01
PB,1998-11-01
PBA,2010-10-01
PBBK,2021-07-01
PBF,2012-12-01
PBFS,2019-07-01
PBH,2005-02-01
PBHC,1995-11-01
PBI,1985-01-01
PBM,2021-12-01
PBR,2000-08-01
PBT,1985-01-01
PBYI,2012-04-01
PCAP,2025-07-01
PCAR,1980-03-01
PCB,2018-08-01
PCF,1987-07-01
PCG,1985-01-01
PCH,1985-01-01
PCM,1993-08-01
PCN,2001-12-01
PCOR,2021-05-01
PCQ,2001-06-01
PCRX,2011-02-01
PCSA,2014-03-01
PCSC,2024-06-01
PCT,2020-07-01
PCTY,2014-03-01
PCVX,2020-06-01
PCYO,1994-04-01
PD,2019-04-01
PDCC,2024-07-01
PDEX,1986-08-01
PDFS,2001-07-01
PDI,2012-05-01
PDLB,2017-10-01
PDM,2010-02-01
PDS,1996-11-01
PDSB,2015-09-01
PDT,1989-12-01
PDX,2019-01-01
PDYN,2021-09-01
PEB,2009-12-01
PEBK,1985-10-01
PEBO,1993-02-01
PECO,2021-02-01
PED,2003-05-01
PEG,1985-01-01
PEGA,1996-07-01
PELI,2025-06-01
PEN,2015-09-01
PENG,2017-05-01
PENN,1994-05-01
PEO,1985-01-01
PEP,1985-01-01
PEPG,2022-05-01
PERF,2022-10-01
PERI,2006-01-01
PESI,1992-12-01
PETS,1999-04-01
PETZ,2017-09-01
PEW,2024-01-01
PFAI,2025-04-01
PFE,1985-01-01
PFG,2001-10-01
PFGC,2015-09-01
PFIS,2002-06-01
PFL,2003-08-01
PFLT,2011-04-01
PFN,2004-10-01
PFS,2003-01-01
PFSA,2025-07-01
PFSI,2013-05-01
PFX,2011-01-01
PG,1985-01-01
PGAC,2025-01-01
PGC,1999-04-01
PGEN,2013-08-01
PGNY,2019-10-01
PGP,2005-05-01
PGR,1985-01-01
PGRE,2014-11-01
PGY,2021-04-01
PGZ,2013-06-01
PH,1985-01-01
PHAR,2020-12-01
PHAT,2019-10-01
PHG,1985-01-01
PHGE,2019-03-01
PHI,1985-01-01
PHIN,2023-06-01
PHIO,2012-05-01
PHK,2003-04-01
PHM,1985-01-01
PHOE,2025-04-01
PHR,2019-07-01
PHUN,2016-10-01
PHVS,2021-02-01
PI,2016-07-01
PII,1987-09-01
PIII,2021-04-01
PIM,1988-04-01
PINC,2013-09-01
PINE,2019-11-01
PINS,2019-04-01
PIPR,2004-01-01
PJT,2015-09-01
PK,2017-01-01
PKBK,2003-06-01
PKE,1985-01-01
PKG,2000-01-01
PKOH,1985-01-01
PKST,2023-04-01
PL,2021-04-01
PLAB,1987-03-01
PLAG,2009-09-01
PLAY,2014-10-01
PLBC,2002-12-01
PLBL,2025-08-01
PLBY,2020-08-01
PLCE,1997-09-01
PLD,1997-11-01
PLG,2005-11-01
PLMK,2025-01-01
PLMR,2019-04-01
PLNT,2015-08-01
PLOW,2010-05-01
PLPC,1999-04-01
PLRX,2020-06-01
PLRZ,2024-10-01
PLSE,2016-05-01
PLTK,2021-01-01
PLTR,2020-09-01
PLUG,1999-10-01
PLUR,2003-06-01
PLUS,1996-11-01
PLUT,2025-02-01
PLX,1998-05-01
PLXS,1986-02-01
PLYM,2017-06-01
PM,2008-03-01
PMAX,2024-09-01
PMCB,2013-01-01
PMEC,2023-10-01
PMI,2025-08-01
PML,2002-06-01
PMM,1989-02-01
PMN,2007-01-01
PMNT,2024-02-01
PMT,2009-07-01
PMTR,2025-06-01
PMTS,2015-10-01
PMVP,2020-09-01
PN,2025-03-01
PNBK,1994-08-01
PNC,1985-01-01
PNFP,2000-08-01
PNI,2002-06-01
PNNT,2007-04-01
PNR,1985-01-01
PNRG,1985-01-01
PNTG,2019-10-01
PNW,1985-01-01
POAI,2010-05-01
POCI,1992-01-01
PODC,2023-09-01
PODD,2007-05-01
POET,2008-06-01
POLA,2016-12-01
POLE,2024-10-01
POOL,1995-10-01
POR,2006-03-01
POST,2012-01-01
POWI,1997-12-01
POWL,1985-01-01
POWW,2017-02-01
PPC,1987-12-01
PPCB,2013-01-01
PPG,1985-01-01
PPIH,1989-12-01
PPL,1985-01-01
PPSI,2013-05-01
PPT,1988-02-01
PPTA,2021-02-01
PR,2016-04-01
PRA,1991-09-01
PRAA,2002-11-01
PRAX,2020-10-01
PRCH,2020-01-01
PRCT,2021-09-01
PRDO,1998-01-01
PRE,2021-07-01
PRFX,2020-09-01
PRG,1985-01-01
PRGO,1991-12-01
PRGS,1991-07-01
PRHI,2015-08-01
PRI,2010-04-01
PRIM,2008-08-01
PRK,1990-08-01
PRLB,2012-02-01
PRLD,2020-09-01
PRM,2021-11-01
PRMB,1992-06-01
PRME,2022-10-01
PRO,2007-07-01
PROF,2019-10-01
PROK,2021-06-01
PROP,2013-02-01
PROV,1996-06-01
PRPH,1994-04-01
PRPL,2015-10-01
PRPO,2017-06-01
PRQR,2014-09-01
PRSO,2001-07-01
PRSU,2004-06-01
PRTA,2012-12-01
PRTH,2016-12-01
PRTS,2007-02-01
PRU,2001-12-01
PRVA,2021-04-01
PRZO,2023-07-01
PSA,1985-01-01
PSBD,2024-01-01
PSEC,2004-07-01
PSFE,2020-10-01
PSHG,2011-01-01
PSIG,2024-07-01
PSIX,2012-04-01
PSKY,2005-12-01
PSMT,1997-09-01
PSN,2019-05-01
PSNL,2019-06-01
PSNY,2021-05-01
PSNYW,2022-06-01
PSO,1996-11-01
PSQH,2021-07-01
PSTG,2015-10-01
PSTL,2019-05-01
PSTV,2001-07-01
PSX,2012-04-01
PTC,1989-12-01
PTCT,2013-06-01
PTEN,1993-11-01
PTGX,2016-08-01
PTHL,2024-09-01
PTHS,2024-02-01
PTIX,2021-04-01
PTLE,2024-10-01
PTLO,2021-10-01
PTON,2019-09-01
PTRN,2025-09-01
PUBM,2020-12-01
PUK,2000-06-01
PULM,2014-03-01
PUMP,2017-03-01
PVBC,2015-07-01
PVH,1985-01-01
PVLA,2015-01-01
PW,1985-01-01
PWP,2020-11-01
PWR,1998-02-01
PX,2021-10-01
PXED,2025-10-10
PXLW,2000-05-01
PXS,2015-11-01
PYPD,2020-06-01
PYPL,2015-07-01
PYT,2004-07-01
PYXS,2021-10-01
PZG,2015-04-01
PZZA,1993-06-01
QBTS,2020-12-01
QCLS,2014-01-01
QCOM,1991-12-01
QCRH,1993-10-01
QDEL,1991-02-01
QETA,2023-11-01
QGEN,1996-06-01
QH,2020-07-01
QIPT,2010-08-01
QLGN,2015-06-01
QLYS,2012-09-01
QMCO,1999-08-01
QNCX,2019-05-01
QNST,2010-02-01
QNTM,2018-06-01
QQQX,2007-02-01
QRHC,2010-01-01
QRVO,2015-01-01
QS,2020-08-01
QSEA,2025-05-01
QSI,2020-11-01
QSR,2014-12-01
QTRX,2017-12-01
QTTB,2018-03-01
QTWO,2014-03-01
QUAD,2010-07-01
QUBT,2007-02-01
QUIK,1999-10-01
QUMS,2025-09-01
QURE,2014-02-01
QVCGA,2006-05-01
QXO,2012-04-01
R,1985-01-01
RA,2016-12-01
RAAQ,2025-06-01
RAC,2025-04-01
RACE,2015-10-01
RAIL,2005-04-01
RAIN,2025-01-01
RAL,2025-06-01
RAMP,1985-01-01
RAND,1985-01-01
RANG,2025-01-01
RANI,2021-07-01
RAPP,2024-06-01
RAPT,2019-10-01
RARE,2014-01-01
RAVE,1993-09-01
RAY,2024-05-01
RAYA,2022-12-01
RBA,1998-03-01
RBB,2017-07-01
RBBN,2000-05-01
RBC,2005-08-01
RBCAA,1998-07-01
RBKB,2019-01-01
RBLX,2021-03-01
RBNE,2025-04-01
RBOT,2020-09-01
RBRK,2024-04-01
RC,2013-02-01
RCAT,2002-01-01
RCEL,2012-05-01
RCG,1996-04-01
RCI,1996-01-01
RCKT,2015-02-01
RCKY,1993-02-01
RCL,1993-04-01
RCMT,1985-01-01
RCON,2009-07-01
RCS,1994-03-01
RCT,2025-03-01
RCUS,2018-03-01
RDAC,2024-12-01
RDAG,2025-06-01
RDCM,1997-09-01
RDDT,2024-03-01
RDGT,2009-10-01
RDI,1985-01-01
RDIB,2000-01-01
RDN,1992-10-01
RDNT,1997-01-01
RDNW,2017-02-01
RDVT,2018-03-01
RDW,2021-01-01
RDWR,1999-09-01
RDY,2001-04-01
RDZN,2022-01-01
REAL,2019-06-01
REAX,2021-01-01
REBN,2022-08-01
RECT,2024-06-01
REE,2021-01-01
REFI,2021-12-01
REFR,1986-07-01
REG,1993-10-01
REGN,1991-04-01
REI,2007-04-01
REKR,2017-08-01
RELI,2021-02-01
RELL,1985-01-01
RELY,2021-09-01
RENT,2021-10-01
REPL,2018-07-01
REPX,1998-12-01
RES,1985-01-01
RETO,2017-11-01
REVB,2020-11-01
REVG,2017-01-01
REX,1984-07-01
REXR,2013-07-01
REYN,2020-01-01
REZI,2018-10-01
RF,1985-01-01
RFAI,2024-07-01
RFI,1994-02-01
RFIL,1994-04-01
RFL,2018-03-01
RFM,2020-03-01
RFMZ,2021-02-01
RGA,2008-09-01
RGC,2021-07-01
RGCO,1994-02-01
RGEN,1986-04-01
RGLD,1985-01-01
RGNX,2015-09-01
RGP,2000-12-01
RGR,1985-01-01
RGS,1991-06-01
RGT,2013-10-01
RGTI,2021-04-01
RH,2012-11-01
RHI,1985-01-01
RHLD,2025-02-01
RHP,1991-10-01
RIBB,2025-03-01
RICK,1995-10-01
RIG,1993-05-01
RIGL,2000-11-01
RILY,2007-08-01
RIME,1994-11-01
RIO,1990-06-01
RIOT,2016-03-01
RITM,2013-05-01
RITR,2024-08-01
RIVN,2021-11-01
RJF,1983-07-01
RKDA,2015-05-01
RKLB,2020-11-01
RKT,2020-08-01
RL,1997-06-01
RLAY,2020-07-01
RLGT,2006-11-01
RLI,1980-03-01
RLJ,2011-05-01
RLMD,2014-06-01
RLYB,2021-07-01
RM,2012-03-01
RMAX,2013-10-01
RMBI,2019-07-01
RMBS,1997-05-01
RMCF,1986-02-01
RMCO,2021-05-01
RMD,1995-06-01
RMI,2018-10-01
RMM,2019-07-01
RMMZ,2022-02-01
RMNI,2015-08-01
RMR,2015-12-01
RMSG,2021-10-01
RMT,1993-12-01
RMTI,1998-01-01
RNA,2020-06-01
RNAC,2016-06-01
RNAZ,2021-07-01
RNG,2013-09-01
RNGR,2017-08-01
RNR,1995-07-01
RNST,1992-04-01
RNTX,2017-06-01
RNW,2021-02-01
RNXT,2021-08-01
ROAD,2018-05-01
ROCK,1993-11-01
ROG,1985-01-01
ROIV,2020-12-01
ROK,1985-01-01
ROKU,2017-09-01
ROL,1985-01-01
ROLR,2024-10-01
ROMA,2024-01-01
ROOT,2020-10-01
ROP,1992-02-01
ROST,1985-08-01
RPAY,2018-07-01
RPD,2015-07-01
RPGL,2025-10-01
RPID,2021-07-01
RPM,1985-01-01
RPRX,2020-06-01
RPT,2015-02-01
RPTX,2020-06-01
RQI,2002-02-01
RR,2023-11-01
RRBI,2019-05-01
RRC,1985-01-01
RRGB,2002-07-01
RRR,2016-04-01
RRX,1985-01-01
RS,1994-09-01
RSF,2019-06-01
RSG,1998-07-01
RSI,2020-04-01
RSKD,2021-07-01
RSSS,2010-11-01
RSVR,2021-01-01
RTAC,2025-06-01
RTX,1985-01-01
RUBI,2025-08-01
RUM,2021-04-01
RUN,2015-08-01
RUSHA,2003-10-01
RUSHB,1996-06-01
RVLV,2019-06-01
RVMD,2020-02-01
RVP,2001-05-01
RVPH,2018-10-01
RVSB,1993-10-01
RVSN,2022-03-01
RVT,1986-11-01
RVTY,1985-01-01
RVYL,2010-04-01
RWAY,2021-10-01
RWT,1995-08-01
RXO,2022-10-01
RXRX,2021-04-01
RXST,2021-07-01
RXT,2020-08-01
RY,1995-10-01
RYAM,2014-06-01
RYAN,2021-07-01
RYDE,2024-03-01
RYET,2025-04-01
RYI,2014-08-01
RYM,2021-01-01
RYN,1994-02-01
RYOJ,2025-08-01
RYTM,2017-10-01
RZLT,2013-01-01
RZLV,2021-11-01
S,2021-06-01
SA,2004-04-01
SABR,2014-04-01
SABS,2021-02-01
SACH,2017-02-01
SAFE,1989-11-01
SAFT,2002-11-01
SAFX,2025-01-01
SAGT,2025-03-01
SAH,1997-11-01
SAIA,2002-09-01
SAIC,2013-09-01
SAIH,2021-06-01
SAIL,2025-02-01
SAM,1995-11-01
SAMG,2013-06-01
SAN,1987-07-01
SANA,2021-02-01
SANG,2010-02-01
SANM,1993-04-01
SAP,1995-09-01
SAR,2007-03-01
SARO,2024-10-01
SATL,2021-03-01
SATS,2008-01-01
SAVA,2000-07-01
SB,2008-05-01
SBAC,1999-06-01
SBC,2022-09-01
SBCF,1985-01-01
SBDS,2021-10-01
SBET,1997-05-01
SBEV,2019-02-01
SBFG,1999-01-01
SBFM,2022-02-01
SBGI,1995-06-01
SBH,2006-11-01
SBI,1992-02-01
SBLK,2007-12-01
SBLX,2003-10-01
SBR,1985-01-01
SBRA,2002-04-01
SBSI,1998-05-01
SBSW,2013-02-01
SBUX,1992-06-01
SBXD,2024-10-01
SCCO,1996-01-01
SCD,2004-02-01
SCE^J,2015-08-01
SCE^K,2016-03-01
SCE^L,2020-10-01
SCE^M,2023-11-01
SCE^N,2024-05-01
SCHL,1992-02-01
SCHW,1987-09-01
SCI,1985-01-01
SCKT,1999-04-01
SCL,1985-01-01
SCLX,2021-03-01
SCM,2012-11-01
SCNX,2014-02-01
SCOR,2007-06-01
SCS,1998-02-01
SCSC,1994-03-01
SCVL,1993-03-01
SCWO,1996-05-01
SCYX,2014-05-01
SD,2016-10-01
SDA,2021-04-01
SDGR,2020-02-01
SDHC,2024-01-01
SDHI,2025-06-01
SDOT,2020-02-01
SDRL,2022-10-01
SDST,2021-03-01
SEAT,2021-10-01
SEB,1985-01-01
SEDG,2015-03-01
SEE,1985-01-01
SEED,2004-03-01
SEER,2020-12-01
SEG,2024-07-01
SEGG,2023-06-01
SEI,2017-05-01
SEIC,1985-01-01
SELF,1997-02-01
SELX,2022-06-01
SEM,2009-09-01
SEMR,2021-03-01
SENEA,1998-06-01
SENEB,1985-01-01
SENS,2015-12-01
SEPN,2024-10-01
SER,2018-11-01
SERA,2021-07-01
SERV,2024-03-01
SES,2021-03-01
SEV,2025-10-01
SEVN,2006-05-01
SEZL,2023-09-01
SF,1985-01-01
SFBC,2008-01-01
SFBS,2014-05-01
SFD,2025-01-01
SFHG,2024-10-01
SFIX,2017-11-01
SFL,2004-06-01
SFM,2013-08-01
SFNC,1985-03-01
SFST,1999-10-01
SFWL,2023-03-01
SG,2021-11-01
SGA,1993-03-01
SGBX,2017-06-01
SGC,1985-01-01
SGD,2023-09-01
SGHC,2020-11-01
SGHT,2021-07-01
SGI,2003-12-01
SGLY,2008-05-01
SGML,2018-07-01
SGMO,2000-04-01
SGMT,2023-07-01
SGN,2023-11-01
SGRP,1996-03-01
SGRY,2015-09-01
SGU,1995-12-01
SHAK,2015-01-01
SHBI,2001-04-01
SHC,2020-11-01
SHCO,2021-07-01
SHEN,1999-04-01
SHFS,2021-08-01
SHIM,2023-11-01
SHIP,2008-01-01
SHLS,2021-01-01
SHMD,2024-05-01
SHO,2004-10-01
SHOO,1993-12-01
SHOP,2015-05-01
SHPH,2022-08-01
SHW,1985-01-01
SI,2025-07-01
SIBN,2018-10-01
SID,1996-11-01
SIDU,2021-12-01
SIEB,1985-01-01
SIF,1985-01-01
SIG,1988-07-01
SIGA,1997-09-01
SIGI,1985-01-01
SII,2010-02-01
SILA,2024-06-01
SILC,1994-02-01
SILO,2021-01-01
SINT,2014-02-01
SION,2025-02-01
SIRI,1994-09-01
SITC,1993-02-01
SITE,2016-05-01
SITM,2019-11-01
SJ,2019-03-01
SJM,1994-10-01
SJT,1985-01-01
SKBL,2025-02-01
SKE,2002-02-01
SKIL,2019-07-01
SKIN,2020-11-01
SKK,2024-10-01
SKLZ,2020-04-01
SKM,1996-06-01
SKT,1993-05-01
SKWD,2023-01-01
SKY,1985-01-01
SKYE,2015-01-01
SKYH,2020-12-01
SKYQ,2024-10-01
SKYT,2021-04-01
SKYW,1986-06-01
SKYX,2022-02-01
SLAB,2000-03-01
SLB,1985-01-01
SLDB,2018-01-01
SLDE,2025-06-01
SLDP,2021-05-01
SLE,2019-02-01
SLF,2000-03-01
SLG,1997-08-01
SLGB,2025-10-01
SLGL,2018-02-01
SLGN,1997-02-01
SLI,2018-03-01
SLM,1985-01-01
SLMT,2023-01-01
SLN,2020-09-01
SLND,2021-12-01
SLNG,2007-05-01
SLNH,1999-06-01
SLNO,2014-11-01
SLP,1997-06-01
SLQT,2020-05-01
SLRC,2010-02-01
SLRX,2015-01-01
SLS,2008-03-01
SLSN,1997-11-01
SLSR,2020-08-01
SLVM,2021-09-01
SLXN,2021-04-01
SM,1992-12-01
SMA,2025-04-01
SMBC,1994-04-01
SMBK,2003-10-01
SMC,2012-09-01
SMCI,2007-03-01
SMG,1992-01-01
SMHI,2017-06-01
SMID,1995-12-01
SMLR,2014-02-01
SMMT,2015-03-01
SMP,1985-01-01
SMPL,2017-07-01
SMR,2022-03-01
SMRT,2021-08-01
SMSI,1995-09-01
SMTC,1985-01-01
SMTI,1994-04-01
SMTK,2024-05-01
SMWB,2021-05-01
SMX,2021-12-01
SMXT,2024-02-01
SN,2023-07-01
SNA,1985-01-01
SNAL,2022-11-01
SNAP,2017-03-01
SNBR,1998-12-01
SNCR,2006-06-01
SNCY,2021-03-01
SND,2016-11-01
SNDA,1997-10-01
SNDK,2025-02-01
SNDL,2019-08-01
SNDR,2017-04-01
SNDX,2016-03-01
SNES,2016-12-01
SNEX,1995-03-01
SNFCA,1987-08-01
SNGX,1994-04-01
SNN,1999-11-01
SNOA,2007-01-01
SNOW,2020-09-01
SNPS,1992-02-01
SNSE,2021-02-01
SNT,1993-03-01
SNTG,2021-07-01
SNTI,2021-05-01
SNV,1989-09-01
SNWV,2024-10-01
SNX,2003-11-01
SNY,2002-07-01
SNYR,2024-10-01
SO,1985-01-01
SOAR,2022-01-01
SOBO,2024-10-01
SOBR,2009-04-01
SOC,2021-04-01
SOCA,2025-09-01
SOFI,2021-01-01
SOHO,2004-12-01
SOLS,2025-10-01
SOLV,2024-03-01
SON,1985-01-01
SOND,2021-03-01
SONM,2019-05-01
SONN,2006-10-01
SONO,2018-08-01
SOPA,2021-11-01
SOPH,2021-07-01
SOR,1985-01-01
SORA,2025-04-01
SOS,2017-04-01
SOTK,1999-04-01
SOUL,2025-05-01
SOUN,2022-04-01
SOWG,2010-07-01
SPAI,2024-08-01
SPB,1985-01-01
SPCB,2005-02-01
SPCE,2017-09-01
SPEG,2025-09-01
SPFI,2019-05-01
SPG,1993-12-01
SPGI,1985-01-01
SPH,1996-02-01
SPHL,2024-10-01
SPHR,2020-04-01
SPIR,2020-11-01
SPKL,2023-11-01
SPMC,2024-06-01
SPNS,1998-03-01
SPNT,2013-08-01
SPNT^B,2021-06-01
SPOK,2004-11-01
SPOT,2018-04-01
SPPL,2023-09-01
SPR,2006-11-01
SPRB,2020-10-01
SPRC,2021-08-01
SPRO,2017-11-01
SPRU,2019-09-01
SPRY,2020-12-01
SPSC,2010-04-01
SPT,2019-12-01
SPWH,2014-04-01
SPWR,2023-01-01
SPXC,1985-01-01
SPXX,2005-11-01
SQFT,2020-10-01
SQM,1993-09-01
SR,1985-01-01
SRAD,2021-09-01
SRBK,2023-09-01
SRCE,1985-01-01
SRDX,1998-03-01
SRE,1998-06-01
SRFM,2023-07-01
SRG,2015-07-01
SRI,1997-10-01
SRL,1996-05-01
SRPT,1997-06-01
SRRK,2018-05-01
SRTA,2019-11-01
SRTS,2016-07-01
SRV,2007-09-01
SRXH,2010-06-01
SRZN,2021-01-01
SSB,1997-01-01
SSBI,2006-07-01
SSD,1994-05-01
SSEA,2025-10-01
SSII,2024-08-01
SSKN,2005-11-01
SSM,2021-11-01
SSNC,2010-03-01
SSP,1988-06-01
SSRM,1996-08-01
SSSS,2011-04-01
SST,2020-08-01
SSTI,2017-06-01
SSTK,2012-10-01
SSYS,1994-10-01
ST,2010-03-01
STAA,1992-02-01
STAG,2011-04-01
STAI,2023-03-01
STAK,2025-02-01
STBA,1992-04-01
STC,1985-01-01
STE,1992-06-01
STEL,2017-11-01
STEM,2020-10-01
STEP,2020-09-01
STEW,1985-01-01
STEX,2014-10-01
STFS,2024-10-01
STGW,1995-04-01
STHO,2023-03-01
STI,2022-05-01
STIM,2018-06-01
STK,2009-11-01
STKE,2021-01-01
STKL,1986-01-01
STKS,2014-06-01
STLA,2010-06-01
STLD,1996-11-01
STM,1994-12-01
STN,2005-08-01
STNE,2018-10-01
STNG,2010-03-01
STOK,2019-06-01
STRA,1996-07-01
STRL,1991-07-01
STRO,2018-09-01
STRR,2003-03-01
STRS,1992-07-01
STRT,1995-02-01
STRW,2023-02-01
STRZ,2025-05-01
STSS,2022-04-01
STT,1985-01-01
STTK,2020-10-01
STUB,2025-09-01
STVN,2021-07-01
STWD,2009-08-01
STX,2002-12-01
STXS,2004-08-01
STZ,1992-03-01
SU,1985-01-01
SUGP,2024-01-01
SUIG,2010-03-01
SUNE,1981-11-01
SUNS,2024-07-01
SUPN,2012-05-01
SUPX,2024-04-01
SURG,2018-01-01
SUUN,2024-04-01
SVAC,2025-09-01
SVC,1995-08-01
SVCO,2024-05-01
SVM,2017-05-01
SVRA,2017-04-01
SVV,2023-06-01
SW,2008-06-01
SWAG,2021-11-01
SWBI,1999-08-01
SWIM,2021-04-01
SWK,1985-01-01
SWKH,1999-09-01
SWKS,1985-01-01
SWVL,2021-03-01
SWX,1985-01-01
SWZ,1987-08-01
SXC,2011-07-01
SXI,1985-01-01
SXT,1985-01-01
SXTC,2019-01-01
SXTP,2023-07-01
SY,2019-05-01
SYBT,1993-03-01
SYBX,2015-09-01
SYF,2014-07-01
SYK,1985-01-01
SYM,2021-03-01
SYNA,2002-01-01
SYNX,2024-01-01
SYPR,1994-05-01
SYRE,2016-04-01
SYY,1985-01-01
SZZL,2025-05-01
T,1983-11-01
TAC,2001-07-01
TACH,2025-06-01
TACO,2025-06-01
TACT,1996-08-01
TAIT,1995-04-01
TALK,2020-07-01
TALO,2018-05-01
TANH,2015-03-01
TAOP,2006-09-01
TAOX,2020-12-01
TAP,1985-01-01
TARA,2014-10-01
TARS,2020-10-01
TASK,2021-06-01
TATT,1987-03-01
TAVI,2024-12-01
TAYD,1985-01-01
TBBB,2024-02-01
TBBK,2004-02-01
TBCH,2010-11-01
TBH,2025-03-01
TBHC,2002-07-01
TBI,1994-04-01
TBLA,2021-06-01
TBMC,2023-05-01
TBN,2024-06-01
TBPH,2014-05-01
TBRG,2002-05-01
TCBI,2003-08-01
TCBK,1993-04-01
TCBX,2021-11-01
TCGL,2025-10-01
TCI,1985-03-01
TCMD,2016-07-01
TCPC,2012-04-01
TCRT,2005-08-01
TCRX,2021-07-01
TCX,1996-04-01
TD,1996-08-01
TDAC,2025-02-01
TDC,2007-10-01
TDF,1994-09-01
TDG,2006-03-01
TDIC,2025-07-01
TDOC,2015-06-01
TDS,1985-01-01
TDTH,2024-09-01
TDUP,2021-03-01
TDW,1985-01-01
TDY,1999-11-01
TE,2020-01-01
TEAD,2021-07-01
TEAF,2019-03-01
TEAM,2015-12-01
TECH,1989-02-01
TECK,2002-07-01
TECX,2018-06-01
TEF,1987-06-01
TEI,1993-09-01
TEL,2007-06-01
TELA,2019-11-01
TELO,2024-02-01
TEM,2024-06-01
TEN,2002-03-01
TENB,2018-07-01
TENX,1994-04-01
TEO,1994-12-01
TER,1985-01-01
TERN,2021-02-01
TEX,1985-01-01
TFC,1985-01-01
TFII,2005-11-01
TFIN,2014-11-01
TFPM,2022-08-01
TFSL,2007-04-01
TFX,1985-01-01
TG,1989-07-01
TGB,1992-03-01
TGE,2025-06-01
TGEN,2014-05-01
TGHL,2025-08-01
TGL,2022-08-01
TGLS,2012-05-01
TGNA,1985-01-01
TGS,1994-11-01
TGT,1985-01-01
TGTX,2010-05-01
TH,2018-03-01
THAR,2022-01-01
THC,1985-01-01
THCH,2021-03-01
THFF,1992-03-01
THG,1995-10-01
THH,2025-08-01
THM,2007-05-01
THO,1985-01-01
THR,2011-05-01
THRM,1993-06-01
THRY,2018-04-01
THS,2005-06-01
THW,2015-06-01
TIC,2025-02-01
TIGO,2019-01-01
TIL,2021-03-01
TILE,1985-01-01
TIPT,2010-10-01
TIRX,2021-01-01
TISI,1980-10-01
TITN,2007-12-01
TIVC,2021-11-01
TJX,1987-06-01
TK,1995-07-01
TKC,2000-07-01
TKNO,2021-06-01
TKO,1999-10-01
TKR,1985-01-01
TLF,1993-09-01
TLIH,2025-07-01
TLK,1995-11-01
TLN,2023-06-01
TLNC,2025-10-01
TLPH,2011-02-01
TLRY,2018-07-01
TLS,2020-11-01
TLSA,2018-11-01
TLSI,2021-02-01
TLYS,2012-05-01
TM,1985-01-01
TMC,2021-09-01
TMCI,2021-04-01
TMDE,2025-04-01
TMDX,2019-05-01
TMHC,2013-04-01
TMO,1985-01-01
TMP,1986-06-01
TMQ,2012-04-01
TMUS,2007-04-01
TNC,1985-01-01
TNDM,2013-11-01
TNET,2014-03-01
TNGX,2020-09-01
TNK,2007-12-01
TNL,2006-07-01
TNMG,2022-02-01
TNON,2022-04-01
TNXP,2012-05-01
TNYA,2021-07-01
TOI,2020-06-01
TOL,1986-07-01
TOMZ,2008-06-01
TONX,2014-11-01
TOON,2012-02-01
TOP,2022-06-01
TOPP,2025-01-01
TOPS,2004-08-01
TORO,2023-03-01
TOST,2021-09-01
TOVX,2006-12-01
TOWN,1999-05-01
TOYO,2022-03-01
TPB,2016-05-01
TPC,1985-01-01
TPCS,2007-12-01
TPET,2023-04-01
TPG,2022-01-01
TPH,2013-01-01
TPL,1980-03-01
TPR,2000-10-01
TPST,2012-11-01
TPVG,2014-03-01
TR,1980-03-01
TRAK,1999-10-01
TRAW,2013-07-01
TRC,1985-01-01
TRDA,2021-10-01
TREE,2008-08-01
TREX,1999-04-01
TRGP,2010-12-01
TRI,2002-06-01
TRIN,2021-01-01
TRIP,2011-12-01
TRMB,1990-07-01
TRMD,2018-02-01
TRMK,1985-01-01
TRN,1985-01-01
TRNO,2010-02-01
TRNR,2023-04-01
TRNS,1985-01-01
TRON,2023-08-01
TROO,2008-04-01
TROW,1986-04-01
TROX,2010-12-01
TRP,1985-01-01
TRS,2007-05-01
TRSG,2024-04-01
TRST,1985-01-01
TRT,1992-06-01
TRTN^A,2023-10-01
TRTN^B,2023-10-01
TRTN^C,2023-10-01
TRTN^D,2023-10-01
TRTN^E,2023-10-01
TRTN^F,2025-02-01
TRTX,2017-07-01
TRU,2015-06-01
TRUE,2014-05-01
TRUG,2021-12-01
TRUP,2014-07-01
TRV,1985-01-01
TRVI,2019-05-01
TRX,2005-05-01
TSAT,2005-07-01
TSBK,1998-01-01
TSCO,1994-02-01
TSE,2014-06-01
TSEM,1994-10-01
TSHA,2020-09-01
TSI,1987-02-01
TSLA,2010-06-01
TSLX,2014-03-01
TSM,1997-10-01
TSN,1985-01-01
TSQ,2014-07-01
TSSI,2005-09-01
TT,1985-01-01
TTAM,2025-02-01
TTAN,2024-12-01
TTC,1985-01-01
TTD,2016-09-01
TTE,1991-10-01
TTEC,1996-08-01
TTEK,1991-12-01
TTGT,2007-05-01
TTI,1990-04-01
TTMI,2000-09-01
TTRX,2025-10-01
TTSH,2012-08-01
TTWO,1997-04-01
TU,1996-06-01
TUSK,2016-10-01
TV,1993-12-01
TVA,2025-05-01
TVC,1998-10-01
TVE,1999-05-01
TVGN,2022-01-01
TVRD,2014-01-01
TVTX,2012-11-01
TW,2019-04-01
TWFG,2024-07-01
TWG,2024-04-01
TWI,1993-05-01
TWIN,1985-01-01
TWLO,2016-06-01
TWN,1986-12-01
TWNP,2025-01-01
TWO,2009-10-01
TWST,2018-10-01
TXG,2019-09-01
TXMD,2007-05-01
TXN,1985-01-01
TXNM,1985-01-01
TXRH,2004-10-01
TXT,1985-01-01
TY,1985-01-01
TYG,2004-02-01
TYGO,2021-09-01
TYL,1985-01-01
TYRA,2021-09-01
TZOO,2002-08-01
TZUP,2022-03-01
UA,2016-03-01
UAA,2005-11-01
UAVS,2007-05-01
UBER,2019-05-01
UBS,2000-05-01
UBXG,2024-03-01
UCAR,2023-04-01
UCTT,2004-03-01
UDMY,2021-10-01
UDR,1985-01-01
UE,2015-01-01
UEC,2007-04-01
UEIC,1993-02-01
UFG,2025-01-01
UFI,1985-01-01
UFPI,1993-11-01
UFPT,1993-12-01
UGI,1985-01-01
UGRO,2019-11-01
UHAL,1994-11-01
UHS,1985-01-01
UHT,1986-12-01
UI,2011-10-01
UIS,1985-01-01
UK,2019-11-01
UL,1985-01-01
ULBI,1992-12-01
ULCC,2021-04-01
ULH,2005-02-01
ULS,2024-04-01
ULTA,2007-10-01
ULY,2023-10-01
UMAC,2024-02-01
UMBF,1985-01-01
UMH,1985-02-01
UNB,1999-08-01
UNCY,2021-07-01
UNF,1985-01-01
UNM,1986-11-01
UNP,1985-01-01
UOKA,2019-01-01
UONE,1999-05-01
UONEK,2000-06-01
UP,2020-11-01
UPB,2024-10-01
UPBD,1995-01-01
UPC,2021-03-01
UPLD,2014-11-01
UPST,2020-12-01
UPWK,2018-10-01
UPXI,2021-06-01
URBN,1993-11-01
URG,2008-07-01
URGN,2017-05-01
UROY,2021-04-01
USA,1986-10-01
USAR,2023-07-01
USAS,2003-10-01
USAU,1985-01-01
USB,1985-01-01
USBC,2006-04-01
USCB,2021-07-01
USEG,1985-01-01
USFD,2016-05-01
USGO,2023-04-01
USIO,1999-02-01
USNA,1994-04-01
USPH,1992-05-01
UTF,2004-03-01
UTG,2004-02-01
UTI,2003-12-01
UTMD,1999-03-01
UTSI,2000-03-01
UTZ,2018-11-01
UUU,1985-01-01
UUUU,2007-03-01
UVE,2003-06-01
UVSP,1998-04-01
UVV,1985-01-01
UWMC,2020-05-01
UXIN,2018-06-01
UYSC,2025-05-01
V,2008-03-01
VABK,1999-05-01
VAC,2011-11-01
VACH,2024-09-01
VAL,2021-05-01
VALU,1985-01-01
VANI,2014-11-01
VATE,2009-07-01
VBIX,2012-09-01
VBNK,2021-08-01
VC,2010-10-01
VCEL,1997-02-01
VCIC,2024-10-01
VCIG,2023-04-01
VCTR,2018-02-01
VCV,1993-06-01
VCYT,2013-10-01
VECO,1994-11-01
VEEA,2021-05-01
VEEE,2021-07-01
VEEV,2013-10-01
VEL,2020-01-01
VELO,2021-01-01
VENU,2024-11-01
VEON,1996-11-01
VERA,2021-05-01
VERI,2017-05-01
VERO,2017-10-01
VERU,1999-02-01
VERX,2020-07-01
VET,2010-09-01
VFC,1985-01-01
VFF,2019-02-01
VFL,1993-02-01
VFS,2021-09-01
VG,2025-01-01
VGAS,2021-10-01
VGI,2012-02-01
VGM,1992-02-01
VGZ,1985-01-01
VHC,1999-07-01
VHI,1985-01-01
VIA,2025-09-01
VIAV,1993-11-01
VICI,2018-01-01
VICR,1990-04-01
VIK,2024-05-01
VINP,2021-01-01
VIR,2019-10-01
VIRC,1985-01-01
VIRT,2015-04-01
VITL,2020-07-01
VIVK,2009-09-01
VIVS,2012-02-01
VKI,1993-10-01
VKQ,1991-11-01
VKTX,2015-04-01
VLGEA,1985-01-01
VLN,2021-09-01
VLO,1985-01-01
VLT,1989-04-01
VLTO,2023-10-01
VLY,1990-03-01
VMAR,2020-11-01
VMC,1985-01-01
VMD,2019-08-01
VMEO,2021-05-01
VMI,1985-01-01
VNCE,2013-11-01
VNDA,2006-04-01
VNME,2025-08-01
VNO,1985-01-01
VNOM,2014-06-01
VNRX,2012-03-01
VNT,2020-09-01
VNTG,2025-06-01
VOR,2021-02-01
VOXR,2020-08-01
VOYA,2013-05-01
VOYG,2025-06-01
VPG,2010-06-01
VPV,1993-06-01
VRA,2010-10-01
VRAR,2021-07-01
VRAX,2022-07-01
VRCA,2018-06-01
VRDN,2014-06-01
VRE,1994-08-01
VREX,2017-01-01
VRM,2025-02-01
VRME,2000-12-01
VRNS,2014-02-01
VRNT,2002-05-01
VRRM,2017-03-01
VRSK,2009-10-01
VRSN,1998-01-01
VRT,2018-08-01
VRTS,2009-01-01
VRTX,1991-07-01
VS,2012-08-01
VSAT,1996-12-01
VSCO,2021-07-01
VSEC,1985-01-01
VSEE,2021-12-01
VSH,1985-01-01
VSME,2023-09-01
VST,2016-10-01
VSTA,2020-07-01
VSTD,2022-09-01
VSTM,2012-01-01
VSTS,2023-09-01
VTAK,2018-09-01
VTEX,2021-07-01
VTGN,2011-06-01
VTLE,2011-12-01
VTN,1992-05-01
VTOL,2013-01-01
VTR,1997-05-01
VTRS,1985-01-01
VTS,2023-01-01
VTSI,2012-09-01
VTVT,2015-07-01
VTYX,2021-10-01
VUZI,2010-04-01
VVOS,2020-12-01
VVPR,2015-05-01
VVR,1998-06-01
VVV,2016-09-01
VVX,2014-09-01
VWAV,2025-07-01
VYGR,2015-11-01
VYNE,2018-01-01
VYX,1996-12-01
VZLA,2022-01-01
W,2014-10-01
WAB,1995-06-01
WABC,1985-01-01
WAFD,1985-01-01
WAFU,2019-04-01
WAI,2023-04-01
WAL,2005-07-01
WALD,2021-05-01
WASH,1987-06-01
WAT,1995-11-01
WATT,2014-03-01
WAY,2024-06-01
WBD,2005-07-01
WBI,2025-09-01
WBS,1986-12-01
WBTN,2024-06-01
WBUY,2023-10-01
WBX,2021-04-01
WCC,1999-05-01
WCN,1998-05-01
WCT,2024-10-01
WD,2010-12-01
WDAY,2012-10-01
WDC,1978-10-01
WDFC,1985-01-01
WDI,2021-06-01
WEAV,2021-11-01
WEC,1985-01-01
WELL,1985-01-01
WEN,1985-01-01
WENN,2025-07-01
WERN,1986-06-01
WEST,2021-10-01
WETH,2024-02-01
WETO,2025-02-01
WEX,2005-02-01
WEYS,1985-01-01
WFC,1985-01-01
WFCF,2006-11-01
WFF,2025-03-01
WFG,2009-02-01
WFRD,2021-01-01
WGO,1985-01-01
WGRX,2025-02-01
WGS,2020-11-01
WH,2018-05-01
WHD,2018-02-01
WHF,2012-12-01
WHG,2002-06-01
WHLR,2012-11-01
WHR,1985-01-01
WHWK,2018-02-01
WIA,2003-09-01
WILC,1997-05-01
WIMI,2020-04-01
WINA,1993-08-01
WING,2015-06-01
WIT,2000-10-01
WIX,2013-11-01
WK,2014-12-01
WKC,1986-08-01
WKHS,2010-06-01
WKSP,2001-06-01
WLAC,2024-12-01
WLDN,2006-11-01
WLDS,2022-09-01
WLFC,1996-09-01
WLK,2004-08-01
WLY,1985-01-01
WLYB,1985-01-01
WM,1988-06-01
WMB,1985-01-01
WMG,2020-06-01
WMK,1985-01-01
WMS,2014-07-01
WMT,1972-08-01
WNC,1991-11-01
WNEB,2002-05-01
WNW,2020-12-01
WOK,2024-08-01
WOLF,1993-02-01
WOOF,2021-01-01
WOR,1980-03-01
WORX,2016-10-01
WOW,2017-05-01
WPC,1998-01-01
WPM,2005-07-01
WPRT,2008-08-01
WRAP,2018-05-01
WRB,1973-10-01
WRBY,2021-09-01
WRLD,1991-11-01
WRN,2006-05-01
WS,2023-11-01
WSBC,1987-05-01
WSBF,2005-10-01
WSBK,2025-05-01
WSC,2015-11-01
WSFS,1986-11-01
WSM,1983-07-01
WSO,1985-01-01
WSO/B,1985-01-01
WSR,2010-08-01
WST,1985-01-01
WT,1993-03-01
WTBA,1999-05-01
WTF,2025-04-01
WTFC,1998-04-01
WTI,2005-01-01
WTM,1985-10-01
WTO,2021-04-01
WTRG,1985-01-01
WTS,1986-08-01
WTTR,2017-06-01
WTW,2001-06-01
WU,2006-10-01
WULF,1994-04-01
WVE,2015-11-01
WVVI,1994-09-01
WW,2025-06-01
WWD,1994-04-01
WWR,1998-01-01
WWW,1985-01-01
WXM,2025-04-01
WY,1985-01-01
WYFI,2025-08-01
WYNN,2002-10-01
WYY,1998-05-01
XAIR,2018-06-01
XBIO,2016-06-01
XBIT,2015-04-01
XBP,2021-05-01
XCUR,2018-05-01
XEL,1985-01-01
XELB,2012-10-01
XENE,2014-11-01
XERS,2018-06-01
XFLT,2017-10-01
XFOR,2017-11-01
XGN,2019-09-01
XHLD,2025-02-01
XHR,2015-02-01
XLO,2021-10-01
XMTR,2021-06-01
XNCR,2013-12-01
XOM,1985-01-01
XOMA,1986-06-01
XOS,2020-12-01
XP,2019-12-01
XPEL,2019-07-01
XPER,2022-09-01
XPL,2006-09-01
XPO,2003-10-01
XPOF,2021-07-01
XPON,2022-04-01
XPRO,2013-08-01
XRAY,1987-08-01
XRPN,2025-06-01
XRTX,2021-09-01
XRX,1985-01-01
XTIA,2012-08-01
XTKG,2019-04-01
XTNT,2010-07-01
XWEL,2010-07-01
XXII,2011-01-01
XYL,2011-10-01
XYZ,2015-11-01
YAAS,2024-12-01
YCBD,2017-11-01
YCY,2025-10-01
YDDL,2025-10-01
YDES,2025-08-01
YDKG,2007-11-01
YELP,2012-03-01
YETI,2018-10-01
YEXT,2017-04-01
YGMZ,2020-10-01
YHC,2023-08-01
YHGJ,2003-05-01
YIBO,2024-01-01
YJ,2019-05-01
YMAT,2025-07-01
YORW,1999-05-01
YOU,2021-06-01
YPF,1993-06-01
YSXT,2024-12-01
YTRA,2016-12-01
YUM,1997-09-01
YUMC,2016-10-01
YXT,2024-08-01
YYAI,2021-01-01
YYGH,2024-04-01
Z,2015-08-01
ZBAI,2019-05-01
ZBAO,2024-04-01
ZBH,2001-07-01
ZBIO,2024-09-01
ZBRA,1991-08-01
ZCMD,2020-02-01
ZD,1999-07-01
ZDAI,2024-07-01
ZDGE,2016-06-01
ZENA,2024-10-01
ZENV,2021-07-01
ZEO,2021-12-01
ZETA,2021-06-01
ZEUS,1994-03-01
ZG,2011-07-01
ZGM,2025-09-01
ZGN,2021-12-01
ZIM,2021-01-01
ZION,1985-01-01
ZIP,2021-05-01
ZJK,2024-09-01
ZJYL,2023-03-01
ZKIN,2017-09-01
ZM,2019-04-01
ZNB,2008-11-01
ZNTL,2020-04-01
ZONE,2024-04-01
ZOOZ,2024-04-01
ZS,2018-03-01
ZSPC,2024-12-01
ZTEK,2012-04-01
ZTR,1988-09-01
ZTS,2013-02-01
ZUMZ,2005-05-01
ZURA,2023-03-01
ZVIA,2021-07-01
ZVRA,2015-04-01
ZWS,2012-03-01
ZYBT,2025-01-01
ZYME,2017-04-01
ZYXI,2004-02-01
