Symbol,SecurityName,Exchange,ListedCurrently,CIK
VIVO,VivoPower PLC Ordinary Shares,NASDAQ,True,1681348.0
ARCI,Archimedes Tech SPAC Partners III Co. Ordinary Share,NASDAQ,True,2083910.0
GIX,GigCapital9 Corp. Class A Ordinary Share,NASDAQ,True,2098712.0
MUZE,Muzero Acquisition Corp Class A Ordinary Shares,NASDAQ,True,2093484.0
JAN,"Janus Living, Inc. Class A-1 Common Stock",NYSE,True,2100805.0
CLBR,Colombier Acquisition Corp. III,NYSE,True,2091024.0
RAC/WS,Rithm Acquisition Corp.,NYSE,True,
GMTL,Guardian Metal Resources PLC ADS,AMEX,True,2039972.0
LEGO,Legato Merger Corp. IV Ordinary Shares,AMEX,True,2087450.0
